Brand,Nama Produk,Harga Asli,Harga Diskon,Diskon Persen,Link,Gambar,Material Atas,Material Dalam,Material Sol,Pengikat
Nike,Downshifter 13 Shoes,Rp 899.000,Rp 764.150,-15%,https://www.zalora.co.id/p/nike-downshifter-13-shoes-white-4344685,https://dynamic.zacdn.com/kWPV-sRx9yzTVPXMwwthKQB1q8g=/0x770/filters:quality(70):format(webp)/https://static-id.zacdn.com/p/nike-1255-5864434-1.jpg,: Mesh,: Textile,: Rubber,: Tali
Nike,Pegasus 41 Shoes,Rp 2.099.000,,,https://www.zalora.co.id/p/nike-pegasus-41-shoes-grey-4473192,https://dynamic.zacdn.com/Ujr1fnxPE_InC3WHZTIMbmby-vs=/0x770/filters:quality(70):format(webp)/https://static-id.zacdn.com/p/nike-5322-2913744-1.jpg,: Textile,: Textile,: Rubber,: Tali
Nike,V5 RNR Shoes,Rp 1.399.000,Rp 1.189.150,-15%,https://www.zalora.co.id/p/nike-v5-rnr-shoes-black-4788312,https://dynamic.zacdn.com/XocPMqwpFj_8uOLoaswFkvMFmQw=/0x770/filters:quality(70):format(webp)/https://static-id.zacdn.com/p/nike-4530-2138874-1.jpg,": Mesh, Synthetic",: Textile,: Rubber,: Tali
Nike,Flex Experience Run 12 Road Running Shoes,Rp 919.000,Rp 707.630,-23%,https://www.zalora.co.id/p/nike-flex-experience-run-12-road-running-shoes-black-4473142,https://dynamic.zacdn.com/cIwQ9qYHb7DXjUDl6AUsFer4o4M=/0x770/filters:quality(70):format(webp)/https://static-id.zacdn.com/p/nike-2441-2413744-1.jpg,: Textile,: Textile,: Rubber,: Tali
Nike,Versair Shoes,Rp 2.099.000,,,https://www.zalora.co.id/p/nike-versair-shoes-black-4432531,https://dynamic.zacdn.com/u7Zpv7KTaTM8aVnMFp0698jPfeE=/0x770/filters:quality(70):format(webp)/https://static-id.zacdn.com/p/nike-1411-1352344-1.jpg,: Textile,: Textile,: Rubber,: Tali
Nike,Air Max Sc Shoes,Rp 1.099.000,Rp 846.230,-23%,https://www.zalora.co.id/p/nike-air-max-sc-shoes-black-2762144,https://dynamic.zacdn.com/9oZOTORqr3DnsmgG1Bao16NvObg=/0x770/filters:quality(70):format(webp)/https://static-id.zacdn.com/p/nike-1568-4412672-1.jpg,: Leather/Textile/Mesh,: Textile,: Rubber,-
Nike,Legend Essential 3 Shoes,Rp 819.000,Rp 696.150,-15%,https://www.zalora.co.id/p/nike-legend-essential-3-shoes-black-3757805,https://dynamic.zacdn.com/934JeEaIeQsuFKhXOpQeNlW88o0=/0x770/filters:quality(70):format(webp)/https://static-id.zacdn.com/p/nike-6308-5087573-1.jpg,: Textile/synthetic,: Textile,: Rubber,-
Nike,Revolution 8 Shoes,Rp 962.140,,,https://www.zalora.co.id/p/nike-revolution-8-shoes-black-4999915,https://dynamic.zacdn.com/g0PzEyw_R-Wt1hfTopeiwjaWptI=/0x770/filters:quality(70):format(webp)/https://static-id.zacdn.com/p/nike-1171-5199994-1.jpg,: Textile,: Textile,: Rubber,-
Nike,Reactx Infinity Run 4 Shoes,Rp 2.489.000,Rp 1.866.750,-25%,https://www.zalora.co.id/p/nike-reactx-infinity-run-4-shoes-black-4100762,https://dynamic.zacdn.com/wucrJwgqM8uKeKzn1BVCSBhPTvc=/0x770/filters:quality(70):format(webp)/https://static-id.zacdn.com/p/nike-6917-2670014-1.jpg,: Textile,: Textile,: Rubber,: Tali
Nike,Downshifter 13 Men's Road Running Shoes,Rp 899.000,Rp 764.150,-15%,https://www.zalora.co.id/p/nike-downshifter-13-men-s-road-running-shoes-multi-4899940,https://dynamic.zacdn.com/17Jv3TH4WDvmtyzu2Inybiava80=/0x770/filters:quality(70):format(webp)/https://static-id.zacdn.com/p/nike-6024-0499984-1.jpg,: Mesh/Synthetic,: Textile,: Rubber,: Tali
Nike,Air Force 1 '07 SE Shoes,Rp 1.729.000,,,https://www.zalora.co.id/p/nike-air-force-1-07-se-shoes-white-4432523,https://dynamic.zacdn.com/_mXxTTou5mG-ULZjAXgPdW_30DE=/0x770/filters:quality(70):format(webp)/https://static-id.zacdn.com/p/nike-1295-3252344-1.jpg,: Synthetic,: Textile,: Rubber,: Tali
Nike,Uplift SC Shoes,Rp 929.000,,,https://www.zalora.co.id/p/nike-uplift-sc-shoes-black-4788203,https://dynamic.zacdn.com/anGzSh3AdnG3sv9iSEvaZH7KApc=/0x770/filters:quality(70):format(webp)/https://static-id.zacdn.com/p/nike-8828-3028874-1.jpg,: Textile,: Textile,: Rubber,: Tali
Nike,Initiator Women's Shoes,Rp 1.299.000,Rp 1.104.150,-15%,https://www.zalora.co.id/p/nike-initiator-women-s-shoes-white-4674569,https://dynamic.zacdn.com/V47EwbDcXq0irHn1RXlp7gtsVsE=/0x770/filters:quality(70):format(webp)/https://static-id.zacdn.com/p/nike-9282-9654764-1.jpg,: Mesh/Synthetic,: Textile,: Rubber,: Tali
Nike,Court Vision Low Next Nature Shoes,Rp 799.000,Rp 679.150,-15%,https://www.zalora.co.id/p/nike-court-vision-low-next-nature-shoes-black-4904206,https://dynamic.zacdn.com/AqVa2eewYtKanWrBFDUPNKgUMDw=/0x770/filters:quality(70):format(webp)/https://static-id.zacdn.com/p/nike-7606-6024094-1.jpg,: Polyurethane,: Textile,: Rubber,: Tali
Nike,Downshifter 13 Road Running Shoes,Rp 899.000,,,https://www.zalora.co.id/p/nike-downshifter-13-road-running-shoes-red-4904408,https://dynamic.zacdn.com/fa5vMzu-VI5tTh4AhMWjrt2Nezk=/0x770/filters:quality(70):format(webp)/https://static-id.zacdn.com/p/nike-3641-8044094-1.jpg,: Mesh,: Textile,: Rubber,: Tali
Nike,Initiator Shoes,Rp 1.199.000,Rp 1.079.100,-10%,https://www.zalora.co.id/p/nike-initiator-shoes-black-4904683,https://dynamic.zacdn.com/-UVJD3hC8fwom3EvC7tnlmkwku4=/0x770/filters:quality(70):format(webp)/https://static-id.zacdn.com/p/nike-0946-3864094-1.jpg,: Textile,: Textile,: Rubber,: Tali
Nike,Downshifter 13 Shoes,Rp 899.000,Rp 809.100,-10%,https://www.zalora.co.id/p/nike-downshifter-13-shoes-black-4344641,https://dynamic.zacdn.com/PO2eugvZt__Gz_7k4eI8CmausVo=/0x770/filters:quality(70):format(webp)/https://static-id.zacdn.com/p/nike-0334-1464434-1.jpg,: Mesh,: Textile,: Rubber,: Tali
Nike,Air Max Excee Shoes,Rp 1.549.000,Rp 1.161.750,-25%,https://www.zalora.co.id/p/nike-air-max-excee-shoes-white-4674583,https://dynamic.zacdn.com/-W6-j5JVi9DIL-AcrKFnLCHlryU=/0x770/filters:quality(70):format(webp)/https://static-id.zacdn.com/p/nike-6530-3854764-1.jpg,: Mesh/Synthetic/Suede,: Textile,: Rubber,: Tali
Nike,V5 RNR Shoes,Rp 1.399.000,Rp 1.189.150,-15%,https://www.zalora.co.id/p/nike-v5-rnr-shoes-white-4788352,https://dynamic.zacdn.com/n8kub0IUS6HXJyyQUmEZ_H1zECM=/0x770/filters:quality(70):format(webp)/https://static-id.zacdn.com/p/nike-1146-2538874-1.jpg,: Mesh/Synthetic,: Textile,: Rubber,: Slip On
Nike,Air Max Excee Shoes,Rp 1.549.000,,,https://www.zalora.co.id/p/nike-air-max-excee-shoes-green-4788110,https://dynamic.zacdn.com/H4SrLpMrZ7oxbRXRfVGLJ9LQHZw=/0x770/filters:quality(70):format(webp)/https://static-id.zacdn.com/p/nike-8871-0118874-1.jpg,": Mesh, Synthetic, Suede",: Textile,: Rubber,: Tali
Nike,Air Monarch IV Men's Training Shoes,Rp 749.000,Rp 674.100,-10%,https://www.zalora.co.id/p/nike-air-monarch-iv-men-s-training-shoes-white-2761984,https://dynamic.zacdn.com/EToE8BMCVI_kmHS7S4LmMkL0-ZQ=/0x770/filters:quality(70):format(webp)/https://static-id.zacdn.com/p/nike-3796-4891672-1.jpg,: Genuine Leather/Synthetic/Textile,: Textile,: Rubber,-
Nike,Air Force 1 '07 Shoes,Rp 1.549.000,,,https://www.zalora.co.id/p/nike-air-force-1-07-shoes-black-grey-2742703,https://dynamic.zacdn.com/SfASfYnip2L2uf0UogLHg-dK2FU=/0x770/filters:quality(70):format(webp)/https://static-id.zacdn.com/p/nike-3819-3072472-1.jpg,: Synthetic Leather,: Textile,: Rubber,-
Nike,MC Trainer 3 Workout Shoes,Rp 1.069.000,,,https://www.zalora.co.id/p/nike-mc-trainer-3-workout-shoes-black-4473513,https://dynamic.zacdn.com/twygmWKyEXik3vD2KoV0fFTTdgc=/0x770/filters:quality(70):format(webp)/https://static-id.zacdn.com/p/nike-5263-3153744-1.jpg,: Textile,: Textile,: Rubber,: Tali
Nike,Air Max Nuaxis Shoes,Rp 1.399.000,,,https://www.zalora.co.id/p/nike-air-max-nuaxis-shoes-white-4674384,https://dynamic.zacdn.com/EbzERI6UwvqSshMvWaYIk-2p5us=/0x770/filters:quality(70):format(webp)/https://static-id.zacdn.com/p/nike-7332-4834764-1.jpg,: Synthetic,: Textile,: Rubber,: Tali
Nike,Revolution 7 Shoes,Rp 809.000,Rp 606.750,-25%,https://www.zalora.co.id/p/nike-revolution-7-shoes-grey-4788062,https://dynamic.zacdn.com/tPeoLQeBQ2ue0kTIptPd2Z92XTw=/0x770/filters:quality(70):format(webp)/https://static-id.zacdn.com/p/nike-5715-2608874-1.jpg,: Mesh,: Textile,: Rubber,: Tali
Nike,Air Max Excee Shoes,Rp 1.549.000,,,https://www.zalora.co.id/p/nike-air-max-excee-shoes-grey-4674521,https://dynamic.zacdn.com/r6WWXlC1XX-VuScPeUDePX1_ZTM=/0x770/filters:quality(70):format(webp)/https://static-id.zacdn.com/p/nike-6163-1254764-1.jpg,": Mesh, Synthetic, Suede",: Textile,: Rubber,: Tali
Nike,Dunk Low Next Nature Shoes,Rp 1.549.000,Rp 1.316.650,-15%,https://www.zalora.co.id/p/nike-dunk-low-next-nature-shoes-white-4788239,https://dynamic.zacdn.com/G9kbwJpH11ja0U7BxPwsWL9p0oU=/0x770/filters:quality(70):format(webp)/https://static-id.zacdn.com/p/nike-5636-9328874-1.jpg,: Leather/Synthetic,: Textile,: Rubber,: Tali
Nike,Dunk Low Retro Shoes,Rp 1.549.000,Rp 1.316.650,-15%,https://www.zalora.co.id/p/nike-dunk-low-retro-shoes-white-4788215,https://dynamic.zacdn.com/3vixci-wgGPJBg6vRHyHMmL73fc=/0x770/filters:quality(70):format(webp)/https://static-id.zacdn.com/p/nike-2077-5128874-1.jpg,: Synthetic Leather,: Textile,: Rubber,: Tali
Nike,Court Vision Mid Next Nature Shoes,Rp 1.099.000,Rp 824.250,-25%,https://www.zalora.co.id/p/nike-court-vision-mid-next-nature-shoes-black-3074202,https://dynamic.zacdn.com/Ps1lJV2ExbFxeaNIpcZ_n-S18nw=/0x770/filters:quality(70):format(webp)/https://static-id.zacdn.com/p/nike-6746-2024703-1.jpg,: Polyurethane,: Textile,: Rubber,: Tali
Nike,Dunk Low Next Nature Shoes,Rp 1.549.000,Rp 1.316.650,-15%,https://www.zalora.co.id/p/nike-dunk-low-next-nature-shoes-white-4788239,https://dynamic.zacdn.com/G9kbwJpH11ja0U7BxPwsWL9p0oU=/0x770/filters:quality(70):format(webp)/https://static-id.zacdn.com/p/nike-5636-9328874-1.jpg,: Leather/Synthetic,: Textile,: Rubber,: Tali
Nike,Blazer Low '77 Shoes,Rp 1.199.000,Rp 899.250,-25%,https://www.zalora.co.id/p/nike-blazer-low-77-shoes-white-2743935,https://dynamic.zacdn.com/av88Kmw2FV0sebA5MZiA5zRLtfM=/0x770/filters:quality(70):format(webp)/https://static-id.zacdn.com/p/nike-1446-5393472-1.jpg,: Leather,: Textile,: Rubber,-
Nike,Air Force 1 '07 Next Nature Women's Shoes,Rp 1.549.000,Rp 1.161.750,-25%,https://www.zalora.co.id/p/nike-air-force-1-07-next-nature-women-s-shoes-white-4673781,https://dynamic.zacdn.com/Pp1nEgqMh_RjVh77_sVpvc81yxY=/0x770/filters:quality(70):format(webp)/https://static-id.zacdn.com/p/nike-6042-1873764-1.jpg,: Leather,: Textile,: Rubber,: Tali
Nike,Court Vision Mid Next Nature Shoes,Rp 1.099.000,Rp 824.250,-25%,https://www.zalora.co.id/p/nike-court-vision-mid-next-nature-shoes-black-3074202,https://dynamic.zacdn.com/Ps1lJV2ExbFxeaNIpcZ_n-S18nw=/0x770/filters:quality(70):format(webp)/https://static-id.zacdn.com/p/nike-6746-2024703-1.jpg,: Polyurethane,: Textile,: Rubber,: Tali
Nike,Run Defy Shoes,Rp 809.000,Rp 647.200,-20%,https://www.zalora.co.id/p/nike-run-defy-shoes-blue-4905083,https://dynamic.zacdn.com/9TIrN6H2hHdVWC4uhw2Dz-OZ6_s=/0x770/filters:quality(70):format(webp)/https://static-id.zacdn.com/p/nike-3611-3805094-1.jpg,: Mesh,: Textile,: Rubber,: Tali
Nike,Court Vision Low Next Nature Shoes,Rp 799.000,,,https://www.zalora.co.id/p/nike-court-vision-low-next-nature-shoes-black-4472966,https://dynamic.zacdn.com/dxNn782BTir5wwd3Z-gPke9phig=/0x770/filters:quality(70):format(webp)/https://static-id.zacdn.com/p/nike-5219-6692744-1.jpg,: Polyurethane,: Textile,: Rubber,: Tali
Nike,Revolution 7 Shoes,Rp 809.000,Rp 687.650,-15%,https://www.zalora.co.id/p/nike-revolution-7-shoes-black-4788316,https://dynamic.zacdn.com/lwWahDLHtCO21Q5mkNSpHu7-PMw=/0x770/filters:quality(70):format(webp)/https://static-id.zacdn.com/p/nike-6280-6138874-1.jpg,: Mesh,: Textile,: Rubber,: Tali
Nike,Tanjun Men's Shoes,Rp 799.000,Rp 599.250,-25%,https://www.zalora.co.id/p/nike-tanjun-men-s-shoes-white-3074248,https://dynamic.zacdn.com/X7a7wNRads3AKeP6IOKaW_7tkek=/0x770/filters:quality(70):format(webp)/https://static-id.zacdn.com/p/nike-1133-8424703-1.jpg,: Mesh/Synthetic,: Textile,: Rubber,-
Nike,Revolution 6 Road Running Shoes,Rp 799.000,,,https://www.zalora.co.id/p/nike-revolution-6-road-running-shoes-white-4005263,https://dynamic.zacdn.com/WZalp4j-rNrWCI2hVb6NEbtOD9M=/0x770/filters:quality(70):format(webp)/https://static-id.zacdn.com/p/nike-0890-3625004-1.jpg,: Textile,: Textile,: Rubber,: Tali
Nike,Court Vision Low Next Nature Shoes,Rp 799.000,Rp 719.100,-10%,https://www.zalora.co.id/p/nike-court-vision-low-next-nature-shoes-white-4904529,https://dynamic.zacdn.com/9OY3S8Cbuy7SO7N6d9Pc8bGUc4k=/0x770/filters:quality(70):format(webp)/https://static-id.zacdn.com/p/nike-1507-9254094-1.jpg,: Polyurethane,: Textile,: Rubber,: Tali
Nike,Pegasus 41 Shoes,Rp 2.099.000,,-30%,https://www.zalora.co.id/p/nike-pegasus-41-shoes-black-4472941,https://dynamic.zacdn.com/n-yFO9qrgFgHW38KXvjevDS1U8c=/0x770/filters:quality(70):format(webp)/https://static-id.zacdn.com/p/nike-2531-1492744-1.jpg,": Mesh, Synthetic",: Textile,: Rubber,: Tali
Nike,Initiator Shoes,Rp 1.299.000,,,https://www.zalora.co.id/p/nike-initiator-shoes-white-4472778,https://dynamic.zacdn.com/oBFOVD_NkFuh94AiKp-eTly_Av8=/0x770/filters:quality(70):format(webp)/https://static-id.zacdn.com/p/nike-3020-8772744-1.jpg,: Textile,: Textile,: Rubber,: Tali
Nike,Downshifter 13 Shoes,Rp 899.000,,-25%,https://www.zalora.co.id/p/nike-downshifter-13-shoes-black-4344776,https://dynamic.zacdn.com/OiKUgwKIRruVCToUidhMAkmBPa0=/0x770/filters:quality(70):format(webp)/https://static-id.zacdn.com/p/nike-9321-6774434-1.jpg,: Mesh,: Textile,: Rubber,: Tali
Nike,Air Max 90 Shoes,Rp 1.899.000,Rp 854.550,-55%,https://www.zalora.co.id/p/nike-air-max-90-shoes-white-4673807,https://dynamic.zacdn.com/t7DTdyzAuNRwMVjH5W_39V-dTP0=/0x770/filters:quality(70):format(webp)/https://static-id.zacdn.com/p/nike-6899-7083764-1.jpg,": Mesh, Synthetic",: Textile,: Rubber,: Tali
Nike,Air Max Nuaxis Shoes,Rp 1.399.000,Rp 1.049.250,-25%,https://www.zalora.co.id/p/nike-air-max-nuaxis-shoes-black-4472851,https://dynamic.zacdn.com/BmtBwU4jSSkwtgecGuGab0TbDHQ=/0x770/filters:quality(70):format(webp)/https://static-id.zacdn.com/p/nike-9225-1582744-1.jpg,: Mesh,: Textile,: Rubber,: Tali
Nike,Air Zoom Bella 6 Training Shoes,Rp 1.299.000,,,https://www.zalora.co.id/p/nike-air-zoom-bella-6-training-shoes-black-3837497,https://dynamic.zacdn.com/EbDoqSMuyDsCfwzbftc4pqc-ljY=/0x770/filters:quality(70):format(webp)/https://static-id.zacdn.com/p/nike-3221-7947383-1.jpg,: Textile,: Textile,: Rubber,: Tali
Nike,Big Nike Low Shoes,Rp 1.299.000,,-20%,https://www.zalora.co.id/p/nike-big-nike-low-shoes-white-4673602,https://dynamic.zacdn.com/q0PA4WNWlpOC4221N6Dzt8H37GU=/0x770/filters:quality(70):format(webp)/https://static-id.zacdn.com/p/nike-7330-2063764-1.jpg,: Leather,: Textile,: Rubber,: Tali
Nike,Air Max 90 Next Nature Shoes,Rp 2.099.000,Rp 1.574.250,-25%,https://www.zalora.co.id/p/nike-air-max-90-next-nature-shoes-white-4473251,https://dynamic.zacdn.com/kbSCX3Ah7Jh89974mpoono2qWc0=/0x770/filters:quality(70):format(webp)/https://static-id.zacdn.com/p/nike-7035-1523744-1.jpg,: Synthetic Leather and Textile,: Textile,: Rubber,: Tali
Nike,Air Force 1 ’07 LX Women's Shoes,Rp 2.099.000,Rp 1.784.150,-15%,https://www.zalora.co.id/p/nike-air-force-1-07-lx-women-s-shoes-white-4788377,https://dynamic.zacdn.com/l3IPJIGm1IP5n4CtcremL6sa9IQ=/0x770/filters:quality(70):format(webp)/https://static-id.zacdn.com/p/nike-0552-7738874-1.jpg,: Leather/Suede,: Textile,: Rubber,: Tali
Nike,Court Vision Low Next Nature Shoes,Rp 1.199.000,,,https://www.zalora.co.id/p/nike-court-vision-low-next-nature-shoes-white-4433112,https://dynamic.zacdn.com/IWIP2UPDuSeP77d1SmT1YtuyQuY=/0x770/filters:quality(70):format(webp)/https://static-id.zacdn.com/p/nike-6705-2113344-1.jpg,: Synthetic Leather,: Textile,: Rubber,: Tali
Nike,Court Vision Alta Shoes,Rp 1.149.000,Rp 861.750,-25%,https://www.zalora.co.id/p/nike-court-vision-alta-shoes-white-4673926,https://dynamic.zacdn.com/qlgLAuGJmQZJGDhCbUVTbRBUDIM=/0x770/filters:quality(70):format(webp)/https://static-id.zacdn.com/p/nike-5749-6293764-1.jpg,": Leather, Synthetic",: Textile,: Rubber,: Tali
Nike,Motiva Walking Shoes,Rp 1.729.000,Rp 1.037.400,-40%,https://www.zalora.co.id/p/nike-motiva-walking-shoes-green-4673885,https://dynamic.zacdn.com/YjpkRBI9XkWP-0U4kABrawhrR_4=/0x770/filters:quality(70):format(webp)/https://static-id.zacdn.com/p/nike-1824-5883764-1.jpg,": Tekstil, Sintetis",: Tekstil,: Rubber,: Tali
Nike,Air Max 90 Shoes,Rp 1.899.000,Rp 996.975,-48%,https://www.zalora.co.id/p/nike-air-max-90-shoes-white-4473145,https://dynamic.zacdn.com/CQd_J4wtkAQHJSKgck8CcXI3pUo=/0x770/filters:quality(70):format(webp)/https://static-id.zacdn.com/p/nike-4749-5413744-1.jpg,: Mesh/Polyurethane/TPU,: Textile,: Rubber,: Tali
Nike,Waffle Debut Shoes,Rp 1.199.000,Rp 899.250,-25%,https://www.zalora.co.id/p/nike-waffle-debut-shoes-black-4344739,https://dynamic.zacdn.com/90ENaGA1kfs9PH5vbHSMSv8td-Q=/0x770/filters:quality(70):format(webp)/https://static-id.zacdn.com/p/nike-3207-9374434-1.jpg,": Suede Leather, Textile and Synthetic",: Textile,: Rubber,: Tali
Nike,Court Legacy Lift Shoes,Rp 1.299.000,,,https://www.zalora.co.id/p/nike-court-legacy-lift-shoes-white-4432943,https://dynamic.zacdn.com/2wjklllu0ajngSZq3jKNAhyBnCo=/0x770/filters:quality(70):format(webp)/https://static-id.zacdn.com/p/nike-4973-3492344-1.jpg,": Leather, Textile",: Textile,: Rubber,: Tali
Nike,Court Legacy Lift Shoes,Rp 1.299.000,,,https://www.zalora.co.id/p/nike-court-legacy-lift-shoes-white-4432943,https://dynamic.zacdn.com/2wjklllu0ajngSZq3jKNAhyBnCo=/0x770/filters:quality(70):format(webp)/https://static-id.zacdn.com/p/nike-4973-3492344-1.jpg,": Leather, Textile",: Textile,: Rubber,: Tali
Nike,Bella 7 Shoes,Rp 1.516.940,,,https://www.zalora.co.id/p/nike-bella-7-shoes-multi-4999935,https://dynamic.zacdn.com/sGL0n23qd_XmhkziXC3QREvTr5U=/0x770/filters:quality(70):format(webp)/https://static-id.zacdn.com/p/nike-1054-5399994-1.jpg,: Mesh,: Textile,: Rubber,-
Nike,Initiator Shoes,Rp 1.299.000,,,https://www.zalora.co.id/p/nike-initiator-shoes-white-4674456,https://dynamic.zacdn.com/KXrU7FwHALH7hQFZNEiuL2Lxmlw=/0x770/filters:quality(70):format(webp)/https://static-id.zacdn.com/p/nike-4498-6544764-1.jpg,": Polyurethane, Textile",: Textile,: Rubber,: Tali
Nike,Run Defy Shoes,Rp 809.000,Rp 728.100,-10%,https://www.zalora.co.id/p/nike-run-defy-shoes-white-4904992,https://dynamic.zacdn.com/9GMLS2w5LWRMmzIC63R8TKMSUNw=/0x770/filters:quality(70):format(webp)/https://static-id.zacdn.com/p/nike-3601-2994094-1.jpg,: Mesh,: Textile,: Rubber,: Tali
Nike,Court Vision Low Next Nature Women's Shoes,Rp 1.399.000,Rp 1.049.250,-25%,https://www.zalora.co.id/p/nike-court-vision-low-next-nature-women-s-shoes-white-4674420,https://dynamic.zacdn.com/mbbBv_0NBec1M5OqkyZVcLBfObM=/0x770/filters:quality(70):format(webp)/https://static-id.zacdn.com/p/nike-6714-0244764-1.jpg,: Synthetic Leather/Textile,: Textile,: Rubber,: Tali
Nike,Downshifter 13 Running Shoes,Rp 899.000,Rp 764.150,-15%,https://www.zalora.co.id/p/nike-downshifter-13-running-shoes-black-4788069,https://dynamic.zacdn.com/Y_akTdCLgvDySt_E5aIBU7PISAk=/0x770/filters:quality(70):format(webp)/https://static-id.zacdn.com/p/nike-6604-9608874-1.jpg,": Textile, Synthetic",: Textile,: Rubber,: Tali
Nike,Promina Shoes,Rp 889.000,Rp 800.100,-10%,https://www.zalora.co.id/p/nike-promina-shoes-black-4673904,https://dynamic.zacdn.com/miZ6ijfwciUfsh_6ITPzj8nNnpI=/0x770/filters:quality(70):format(webp)/https://static-id.zacdn.com/p/nike-3979-4093764-1.jpg,: Textile,: Textile,: Rubber,: Tali
Nike,Winflo 11 Shoes,Rp 1.549.000,Rp 1.161.750,-25%,https://www.zalora.co.id/p/nike-winflo-11-shoes-white-4788379,https://dynamic.zacdn.com/PhCB4AB_GKziMlPtsjsxF1weA_s=/0x770/filters:quality(70):format(webp)/https://static-id.zacdn.com/p/nike-8801-9738874-1.jpg,: Mesh,: Textile,: Rubber,: Tali
Nike,Downshifter 13 Shoes,Rp 899.000,,-20%,https://www.zalora.co.id/p/nike-downshifter-13-shoes-black-4344674,https://dynamic.zacdn.com/jNyFDlL5mOgmsalGuanf757LX7A=/0x770/filters:quality(70):format(webp)/https://static-id.zacdn.com/p/nike-0484-4764434-1.jpg,: Mesh,: Textile,: Rubber,: Tali
Nike,Court Royale 2 Next Nature Shoes,Rp 749.000,Rp 636.650,-15%,https://www.zalora.co.id/p/nike-court-royale-2-next-nature-shoes-white-3074270,https://dynamic.zacdn.com/nnLN9ksX9cGS46PmI_4O3rn00ho=/0x770/filters:quality(70):format(webp)/https://static-id.zacdn.com/p/nike-2254-0724703-1.jpg,: Synthetic Leather,: Textile,: Rubber,: Tali
Nike,Court Vision Low Next Nature Shoes,Rp 799.000,,,https://www.zalora.co.id/p/nike-court-vision-low-next-nature-shoes-white-3074383,https://dynamic.zacdn.com/uRNJJ99CPuv_d7YrpdiUNakYFI8=/0x770/filters:quality(70):format(webp)/https://static-id.zacdn.com/p/nike-0364-3834703-1.jpg,: Polyurethane,: Textile,: Rubber,: Tali
Nike,Blazer Low '77 Jumbo Shoes,Rp 1.459.000,,,https://www.zalora.co.id/p/nike-blazer-low-77-jumbo-shoes-white-3199829,https://dynamic.zacdn.com/N9plMtONN8SAg0kG4Dvo9LtCZI4=/0x770/filters:quality(70):format(webp)/https://static-id.zacdn.com/p/nike-9967-9289913-1.jpg,": Leather, Suede",: Textile,: Rubber,: Tali
Nike,Air Force 1 '07 Shoes,Rp 1.729.000,,,https://www.zalora.co.id/p/nike-air-force-1-07-shoes-black-3837587,https://dynamic.zacdn.com/sgP1DlltS6qqr0z1dKBWizB0Jrc=/0x770/filters:quality(70):format(webp)/https://static-id.zacdn.com/p/nike-6601-7857383-1.jpg,: Leather,: Textile,: Rubber,: Tali
Nike,Run Swift 3 Shoes,Rp 1.129.000,Rp 1.016.100,-10%,https://www.zalora.co.id/p/nike-run-swift-3-shoes-black-3837567,https://dynamic.zacdn.com/R_Bn_D4AztZ6_bgsrPA0ADbqYFk=/0x770/filters:quality(70):format(webp)/https://static-id.zacdn.com/p/nike-3966-7657383-1.jpg,: Textile,: Textile,: Rubber,: Tali
Nike,Flex Experience Run 12 Road Running Shoes,Rp 919.000,,,https://www.zalora.co.id/p/nike-flex-experience-run-12-road-running-shoes-black-4344627,https://dynamic.zacdn.com/5uKOTZFePyf5DtiZM_z-qm7ENI4=/0x770/filters:quality(70):format(webp)/https://static-id.zacdn.com/p/nike-8342-7264434-1.jpg,: Tekstil,: Tekstil,: Rubber,: Tali
Nike,Court Vision Low Next Nature Shoes,Rp 799.000,Rp 639.200,-20%,https://www.zalora.co.id/p/nike-court-vision-low-next-nature-shoes-brown-4787952,https://dynamic.zacdn.com/unJoLzt8LVLUQHln5j1WEHCB92w=/0x770/filters:quality(70):format(webp)/https://static-id.zacdn.com/p/nike-0101-2597874-1.jpg,: Polyurethane,: Textile,: Rubber,: Tali
Nike,Motiva Walking Shoes,Rp 1.729.000,,,https://www.zalora.co.id/p/nike-motiva-walking-shoes-black-4100733,https://dynamic.zacdn.com/8KLsgjnGwzuihYUytKtCud0esaw=/0x770/filters:quality(70):format(webp)/https://static-id.zacdn.com/p/nike-4023-3370014-1.jpg,: Textile,: Textile,: Rubber,: Tali
Nike,MC Trainer 3 Workout Shoes,Rp 1.069.000,,-5%,https://www.zalora.co.id/p/nike-mc-trainer-3-workout-shoes-white-4473507,https://dynamic.zacdn.com/FfZJ3GLdf8QXNEwCTqTa451bviI=/0x770/filters:quality(70):format(webp)/https://static-id.zacdn.com/p/nike-5207-7053744-1.jpg,-,-,-,-
Nike,V5 RNR Shoes,Rp 1.516.940,,,https://www.zalora.co.id/p/nike-v5-rnr-shoes-white-4787978,https://dynamic.zacdn.com/p2KCA1sgNNKHYoPbMBEexNGgjbw=/0x770/filters:quality(70):format(webp)/https://static-id.zacdn.com/p/nike-4413-8797874-1.jpg,: Textile/Synthetic,: Textile,: Rubber,: Tali
Nike,Pacific Shoes,Rp 1.149.000,Rp 861.750,-25%,https://www.zalora.co.id/p/nike-pacific-shoes-white-4904832,https://dynamic.zacdn.com/CwA5q7BNCyE1lsnnKZNkUTQtPMQ=/0x770/filters:quality(70):format(webp)/https://static-id.zacdn.com/p/nike-2018-2384094-1.jpg,: Textile/Suede,: Textile,: Rubber,: Tali
Nike,Quest 6 Running Shoes,Rp 1.199.000,Rp 899.250,-25%,https://www.zalora.co.id/p/nike-quest-6-running-shoes-black-4788142,https://dynamic.zacdn.com/7oZh4lugnMrCcWDthFMdtLiEHPY=/0x770/filters:quality(70):format(webp)/https://static-id.zacdn.com/p/nike-4033-2418874-1.jpg,": Textile, Synthetic",: Textile,: Rubber,: Tali
Nike,Big Nike Low Shoes,Rp 1.299.000,,-20%,https://www.zalora.co.id/p/nike-big-nike-low-shoes-white-4673794,https://dynamic.zacdn.com/lfjyFE4qCipulCqbfALcDgtym90=/0x770/filters:quality(70):format(webp)/https://static-id.zacdn.com/p/nike-7412-4973764-1.jpg,: Leather,: Textile,: Rubber,: Tali
Nike,Air Zoom Structure 25 Running Shoes,Rp 2.099.000,Rp 1.784.150,-15%,https://www.zalora.co.id/p/nike-air-zoom-structure-25-running-shoes-black-4100673,https://dynamic.zacdn.com/zpTzb-bSO7w7gaUKjqq0ScZyFxo=/0x770/filters:quality(70):format(webp)/https://static-id.zacdn.com/p/nike-5083-3760014-1.jpg,: Textile,: Textile,: Rubber,: Tali
Nike,Uplift SC Shoes,Rp 929.000,Rp 789.650,-15%,https://www.zalora.co.id/p/nike-uplift-sc-shoes-black-4788272,https://dynamic.zacdn.com/nO_uBJAqr3-YZ_rqnYThNIKTsQw=/0x770/filters:quality(70):format(webp)/https://static-id.zacdn.com/p/nike-4511-2728874-1.jpg,: Textile,: Textile,: Rubber,: Tali
Nike,Run Swift 3 Women's Road Running Shoes,Rp 1.129.000,Rp 903.200,-20%,https://www.zalora.co.id/p/nike-run-swift-3-women-s-road-running-shoes-white-4344512,https://dynamic.zacdn.com/YMW7zP4Mk2aSnbkQ4BF0-ZWNKMA=/0x770/filters:quality(70):format(webp)/https://static-id.zacdn.com/p/nike-6099-2154434-1.jpg,: Mesh/Synthetic,: Textile,: Rubber,: Tali
Nike,Bella 7 Shoes,Rp 1.399.000,,,https://www.zalora.co.id/p/nike-bella-7-shoes-black-4788472,https://dynamic.zacdn.com/xqgSyknPG5aZ4pXMbLCz-pbmtts=/0x770/filters:quality(70):format(webp)/https://static-id.zacdn.com/p/nike-5694-2748874-1.jpg,: Mesh,: Textile,: Rubber,: Tali
Nike,Women's Air Force 1 '07 Shoes,Rp 1.549.000,Rp 1.316.650,-15%,https://www.zalora.co.id/p/nike-women-s-air-force-1-07-shoes-white-2762687,https://dynamic.zacdn.com/7StK5lM6Ka5KOtKJKPGopIg_Utk=/0x770/filters:quality(70):format(webp)/https://static-id.zacdn.com/p/nike-1796-7862672-1.jpg,: Leather,: Textile,: Rubber,: Tali
Nike,Free Metcon 6 Workout Shoes,Rp 1.909.000,Rp 1.360.163,-29%,https://www.zalora.co.id/p/nike-free-metcon-6-workout-shoes-black-4472731,https://dynamic.zacdn.com/7abrkjudCRd4xUVcgnOikEf6bc8=/0x770/filters:quality(70):format(webp)/https://static-id.zacdn.com/p/nike-2467-1372744-1.jpg,: Mesh,: Textile,: Rubber,: Tali
Nike,Winflo 11 Shoes,Rp 1.549.000,,,https://www.zalora.co.id/p/nike-winflo-11-shoes-black-4432541,https://dynamic.zacdn.com/RjjzlgM890D8SWHaEF6Puo2Kigc=/0x770/filters:quality(70):format(webp)/https://static-id.zacdn.com/p/nike-8862-1452344-1.jpg,: Mesh,: Textile,: Rubber,: Tali
Nike,Big Nike Low Shoes,Rp 1.299.000,Rp 974.250,-25%,https://www.zalora.co.id/p/nike-big-nike-low-shoes-white-4673606,https://dynamic.zacdn.com/RckPLmlW5bhNc0b727HYfrhFiIs=/0x770/filters:quality(70):format(webp)/https://static-id.zacdn.com/p/nike-7283-6063764-1.jpg,: Leather,: Textile,: Rubber,: Tali
Nike,Court Legacy Lift Shoes,Rp 1.249.000,Rp 936.750,-25%,https://www.zalora.co.id/p/nike-court-legacy-lift-shoes-white-3576037,https://dynamic.zacdn.com/b_ZWdRbiM3wlHOh8BuBikUoyB0E=/0x770/filters:quality(70):format(webp)/https://static-id.zacdn.com/p/nike-6889-7306753-1.jpg,: Leather,: Textile,: Rubber,-
Nike,Bella 7 Shoes,Rp 1.399.000,,,https://www.zalora.co.id/p/nike-bella-7-shoes-black-4788472,https://dynamic.zacdn.com/xqgSyknPG5aZ4pXMbLCz-pbmtts=/0x770/filters:quality(70):format(webp)/https://static-id.zacdn.com/p/nike-5694-2748874-1.jpg,: Mesh,: Textile,: Rubber,: Tali
Nike,Interact Run EasyOn Shoes,Rp 1.199.000,,-30%,https://www.zalora.co.id/p/nike-interact-run-easyon-shoes-black-4674375,https://dynamic.zacdn.com/SorgRjdncsDw4C8P_6b4AdQaIJ8=/0x770/filters:quality(70):format(webp)/https://static-id.zacdn.com/p/nike-5702-5734764-1.jpg,: Knit,: Textile,: Rubber,: Slip On
Nike,Reina EasyOn Women's Shoes,Rp 2.199.000,Rp 1.649.250,-25%,https://www.zalora.co.id/p/nike-reina-easyon-women-s-shoes-white-4788448,https://dynamic.zacdn.com/sIPHLvsOotj6k8U3B6Zy_enJtnM=/0x770/filters:quality(70):format(webp)/https://static-id.zacdn.com/p/nike-0564-8448874-1.jpg,: Flyknit,: Textile,: Rubber,: Slip On
Nike,Big Nike Low Shoes,Rp 1.299.000,,-30%,https://www.zalora.co.id/p/nike-big-nike-low-shoes-black-4673949,https://dynamic.zacdn.com/Q1y9H_gs9eUGr-DLsCIBrSChGDk=/0x770/filters:quality(70):format(webp)/https://static-id.zacdn.com/p/nike-7416-9493764-1.jpg,: Leather,: Textile,: Rubber,-
Nike,Gamma Force Women's Shoes,Rp 1.399.000,Rp 1.189.150,-15%,https://www.zalora.co.id/p/nike-gamma-force-women-s-shoes-beige-4788121,https://dynamic.zacdn.com/48l4HCBQ3mlWBz2B_XXhbo3EE5Q=/0x770/filters:quality(70):format(webp)/https://static-id.zacdn.com/p/nike-5490-1218874-1.jpg,: Synthetic Leather/Textile/Suede Leather,: Textile,: Rubber,: Tali
Nike,Downshifter 13 Road Running Shoes (Extra Wide),Rp 899.000,,,https://www.zalora.co.id/p/nike-downshifter-13-road-running-shoes-extra-wide-black-4904262,https://dynamic.zacdn.com/brHPUlQePF772DSbJIi0kRfZejU=/0x770/filters:quality(70):format(webp)/https://static-id.zacdn.com/p/nike-0925-2624094-1.jpg,: Mesh,: Textile,: Rubber,: Tali
Nike,Women's Air Force 1 '07 Next Nature Shoes,Rp 1.549.000,Rp 1.161.750,-25%,https://www.zalora.co.id/p/nike-women-s-air-force-1-07-next-nature-shoes-white-4788444,https://dynamic.zacdn.com/3oKZobfxubmAeG0p50kKYsbhm-o=/0x770/filters:quality(70):format(webp)/https://static-id.zacdn.com/p/nike-1241-4448874-1.jpg,: Leather,: Textile,: Rubber,: Tali
Nike,Initiator Shoes,Rp 1.399.000,,-25%,https://www.zalora.co.id/p/nike-initiator-shoes-blue-4788387,https://dynamic.zacdn.com/TEK9ZLlnp1JJ1AX3ww8emPO7fH0=/0x770/filters:quality(70):format(webp)/https://static-id.zacdn.com/p/nike-8887-7838874-1.jpg,: Textile,: Textile,: Rubber,: Tali
Nike,Journey Run Road Running Shoes,Rp 1.399.000,Rp 1.049.250,-25%,https://www.zalora.co.id/p/nike-journey-run-road-running-shoes-blue-4788302,https://dynamic.zacdn.com/GscSuu2syhclsqlR6Q0IuKP5r_Y=/0x770/filters:quality(70):format(webp)/https://static-id.zacdn.com/p/nike-8902-2038874-1.jpg,": Mesh, Synthetic",: Textile,: Rubber,: Tali
Nike,Run Swift 3 Road Running Shoes,Rp 1.129.000,Rp 959.650,-15%,https://www.zalora.co.id/p/nike-run-swift-3-road-running-shoes-black-3837590,https://dynamic.zacdn.com/_gAVuQVgFdudddj3jf34NivJzrE=/0x770/filters:quality(70):format(webp)/https://static-id.zacdn.com/p/nike-8248-0957383-1.jpg,: Mesh,: Textile,: Rubber,: Tali
Nike,Flex Experience Run 12 Road Running Shoes,Rp 919.000,,,https://www.zalora.co.id/p/nike-flex-experience-run-12-road-running-shoes-black-4344506,https://dynamic.zacdn.com/LfkxyYQsEc2LjNko_vb5QSMSZYU=/0x770/filters:quality(70):format(webp)/https://static-id.zacdn.com/p/nike-1222-6054434-1.jpg,: Textile/Synthetic,: Textile,: Rubber,: Tali
Nike,Pegasus 41 Running Shoes,Rp 2.099.000,Rp 1.574.250,-25%,https://www.zalora.co.id/p/nike-pegasus-41-running-shoes-white-4788075,https://dynamic.zacdn.com/DDhdFJgG2LnTRT7NsSA2d3FPt2A=/0x770/filters:quality(70):format(webp)/https://static-id.zacdn.com/p/nike-2962-5708874-1.jpg,": Mesh, Synthetic",: Textile,: Rubber,: Tali
Nike,Court Vision Alta Shoes,Rp 1.149.000,Rp 861.750,-25%,https://www.zalora.co.id/p/nike-court-vision-alta-shoes-white-4788179,https://dynamic.zacdn.com/DnQtOx_01bVJ7WPJjiWjPBFLNcg=/0x770/filters:quality(70):format(webp)/https://static-id.zacdn.com/p/nike-8740-9718874-1.jpg,: Leather,: Textile,: Rubber,: Tali
Nike,Court Vision Low Next Nature Shoes,Rp 799.000,,,https://www.zalora.co.id/p/nike-court-vision-low-next-nature-shoes-beige-4904240,https://dynamic.zacdn.com/lunSS20NHWAgBBdmQtkGOOjhzLc=/0x770/filters:quality(70):format(webp)/https://static-id.zacdn.com/p/nike-0923-0424094-1.jpg,: Polyurethane,: Textile,: Rubber,: Tali
Nike,Air Max Alpha Trainer 6 Workout Shoes,Rp 1.399.000,Rp 1.189.150,-15%,https://www.zalora.co.id/p/nike-air-max-alpha-trainer-6-workout-shoes-black-4673987,https://dynamic.zacdn.com/PHZnCURyUPUUXgetg-op0xRA3Hs=/0x770/filters:quality(70):format(webp)/https://static-id.zacdn.com/p/nike-1604-7893764-1.jpg,: Mesh,: Textile,: Rubber,: Tali
Nike,Journey Run Road Running Shoes,Rp 1.399.000,,-20%,https://www.zalora.co.id/p/nike-journey-run-road-running-shoes-black-4432605,https://dynamic.zacdn.com/FQkA6Pkg0VvyoFK-Jfp2wmp8w20=/0x770/filters:quality(70):format(webp)/https://static-id.zacdn.com/p/nike-8830-5062344-1.jpg,: Mesh/Synthetic,: Textile,: Rubber,: Tali
Nike,Court Vision Low Shoes,Rp 1.199.000,Rp 959.200,-20%,https://www.zalora.co.id/p/nike-court-vision-low-shoes-black-4674538,https://dynamic.zacdn.com/LCBbjVs-74OpIrpQUiIpjUWKQJs=/0x770/filters:quality(70):format(webp)/https://static-id.zacdn.com/p/nike-7611-8354764-1.jpg,: Synthetic,: Textile,: Rubber,-
Nike,Air Max SC Leather Shoes,Rp 1.099.000,Rp 824.250,-25%,https://www.zalora.co.id/p/nike-air-max-sc-leather-shoes-white-3757815,https://dynamic.zacdn.com/OgDx6r1LtX5JLVSEFBqiEnOXEyg=/0x770/filters:quality(70):format(webp)/https://static-id.zacdn.com/p/nike-4679-5187573-1.jpg,: Leather,: Textile,: Rubber,-
Nike,Air Max Excee Shoes,Rp 1.279.000,,,https://www.zalora.co.id/p/nike-air-max-excee-shoes-black-2307434,https://dynamic.zacdn.com/Lf_kTKLB1cP6BfA0ZeOje_BxhC4=/0x770/filters:quality(70):format(webp)/https://static-id.zacdn.com/p/nike-7955-4347032-1.jpg,: Mesh/Leather/Synthetic,: Textile,: Rubber,-
Nike,Terra Manta Shoes,Rp 1.299.000,Rp 1.104.150,-15%,https://www.zalora.co.id/p/nike-terra-manta-shoes-green-4788249,https://dynamic.zacdn.com/NzcR2E47aiivdlLQBko0SpHN6Uo=/0x770/filters:quality(70):format(webp)/https://static-id.zacdn.com/p/nike-1166-9428874-1.jpg,: Textile/Synthetic,: Textile,: Rubber,: Tali
Nike,Air Max Portal Shoes,Rp 1.808.940,,,https://www.zalora.co.id/p/nike-air-max-portal-shoes-multi-4996967,https://dynamic.zacdn.com/fTC0JsBUnb3nBrLmhkNEk0qdVFM=/0x770/filters:quality(70):format(webp)/https://static-id.zacdn.com/p/nike-1617-7696994-1.jpg,": Textile, Synthetic",: Textile,: Rubber,-
Nike,Men's Road Running Shoes,Rp 1.549.000,Rp 1.161.750,-25%,https://www.zalora.co.id/p/nike-men-s-road-running-shoes-red-4788374,https://dynamic.zacdn.com/-wl-hUPZXOVo6QGwbOmVC2z9hiU=/0x770/filters:quality(70):format(webp)/https://static-id.zacdn.com/p/nike-8637-4738874-1.jpg,: Knit,: Tekstil,: Rubber,: Tali
Nike,Initiator Shoes,Rp 1.299.000,,,https://www.zalora.co.id/p/nike-initiator-shoes-white-4432944,https://dynamic.zacdn.com/ajNuszi57rqFzwx9Y3TUXBxcxb0=/0x770/filters:quality(70):format(webp)/https://static-id.zacdn.com/p/nike-1661-4492344-1.jpg,": Mesh, Synthetic",: Textile,: Rubber,: Tali
Nike,V5 RNR Shoes,Rp 1.399.000,Rp 1.189.150,-15%,https://www.zalora.co.id/p/nike-v5-rnr-shoes-white-4788464,https://dynamic.zacdn.com/398qDKyKCrPPYPLD9eYKipb9FQY=/0x770/filters:quality(70):format(webp)/https://static-id.zacdn.com/p/nike-1158-4648874-1.jpg,: Mesh/Synthetic,: Textile,: Rubber,: Tali
Nike,Court Legacy Next Nature Shoes,Rp 1.029.000,Rp 771.750,-25%,https://www.zalora.co.id/p/nike-court-legacy-next-nature-shoes-white-3199180,https://dynamic.zacdn.com/c1INSoOjT3aCrLQSysAM6H1id0U=/0x770/filters:quality(70):format(webp)/https://static-id.zacdn.com/p/nike-7007-0819913-1.jpg,: Leather,: Textile,: Rubber,: Tali
Nike,Waffle Debut Shoes,Rp 1.029.000,,,https://www.zalora.co.id/p/nike-waffle-debut-shoes-black-3199409,https://dynamic.zacdn.com/E5ORUu6mJXyqTYCXoPees2qyUlg=/0x770/filters:quality(70):format(webp)/https://static-id.zacdn.com/p/nike-3047-9049913-1.jpg,: Nylon/Suede,: Textile,: Rubber,-
Nike,Journey Run Road Running Shoes,Rp 1.399.000,,,https://www.zalora.co.id/p/nike-journey-run-road-running-shoes-white-4788155,https://dynamic.zacdn.com/6hZMEwSWBQZWr0Ro0azPyxK6eto=/0x770/filters:quality(70):format(webp)/https://static-id.zacdn.com/p/nike-4426-5518874-1.jpg,": Mesh, Synthetic",: Textile,: Rubber,: Tali
Nike,V5 RNR Shoes,Rp 1.399.000,,,https://www.zalora.co.id/p/nike-v5-rnr-shoes-white-4788363,https://dynamic.zacdn.com/MO9Km6UdcD_Unklg48wBYcWnUvo=/0x770/filters:quality(70):format(webp)/https://static-id.zacdn.com/p/nike-1149-3638874-1.jpg,: Mesh/Synthetic,: Textile,: Rubber,: Tali
Nike,Terra Manta Shoes,Rp 1.299.000,Rp 1.039.200,-20%,https://www.zalora.co.id/p/nike-terra-manta-shoes-white-4788237,https://dynamic.zacdn.com/lC1QlEgkzP_j-RUwyC2oTfa0qew=/0x770/filters:quality(70):format(webp)/https://static-id.zacdn.com/p/nike-4551-7328874-1.jpg,": Textile, Synthetic",: Textile,: Rubber,: Tali
Nike,Terra Manta Shoes,Rp 1.299.000,,,https://www.zalora.co.id/p/nike-terra-manta-shoes-white-4905086,https://dynamic.zacdn.com/71w3e-AW8KpJ55PWiXfEJ550DVk=/0x770/filters:quality(70):format(webp)/https://static-id.zacdn.com/p/nike-2455-6805094-1.jpg,": Textile, Synthetic Leather",: Textile,: Rubber,: Tali
Nike,Bella 7 Workout Shoes,Rp 1.399.000,Rp 1.049.250,-25%,https://www.zalora.co.id/p/nike-bella-7-workout-shoes-white-4788364,https://dynamic.zacdn.com/TPgz3IUNCvL5UTueYNU0EkaFN6c=/0x770/filters:quality(70):format(webp)/https://static-id.zacdn.com/p/nike-1168-4638874-1.jpg,: Mesh,: Textile,: Rubber,: Tali
Nike,Vomero 18 Road Running Shoes,Rp 2.249.000,Rp 1.849.000,-18%,https://www.zalora.co.id/p/nike-vomero-18-road-running-shoes-beige-4904907,https://dynamic.zacdn.com/zjQN4InH5Lcvt1cjObzmlQTHBKA=/0x770/filters:quality(70):format(webp)/https://static-id.zacdn.com/p/nike-1064-7094094-1.jpg,: Mesh,: Textile,: Rubber,: Tali
Nike,Court Vision Low Next Nature Shoes,Rp 799.000,Rp 679.150,-15%,https://www.zalora.co.id/p/nike-court-vision-low-next-nature-shoes-white-3199250,https://dynamic.zacdn.com/tfrE4qtklwpt6EeMg60gHlHDI-U=/0x770/filters:quality(70):format(webp)/https://static-id.zacdn.com/p/nike-1902-0529913-1.jpg,: Leather,: Tekstil,: Rubber,-
Nike,Quest 6 Shoes,Rp 1.199.000,Rp 1.079.100,-10%,https://www.zalora.co.id/p/nike-quest-6-shoes-black-4472758,https://dynamic.zacdn.com/syD5XUQTW8AxbsYpYdrCzTBrwA0=/0x770/filters:quality(70):format(webp)/https://static-id.zacdn.com/p/nike-2590-8572744-1.jpg,: Mesh,: Textile,: Rubber,: Tali
Nike,Air Zoom Upturn SC Men's Shoes,Rp 1.499.000,,,https://www.zalora.co.id/p/nike-air-zoom-upturn-sc-men-s-shoes-black-4906121,https://dynamic.zacdn.com/oBkvEfVKvhj2mZHsh-0sIWE5ujQ=/0x770/filters:quality(70):format(webp)/https://static-id.zacdn.com/p/nike-1847-1216094-1.jpg,: Mesh,: Textile,: Rubber,-
Nike,Downshifter 13 Shoes,Rp 899.000,,,https://www.zalora.co.id/p/nike-downshifter-13-shoes-purple-4904371,https://dynamic.zacdn.com/RRP0wzIsGSjwwS10i8Udkl9ehxk=/0x770/filters:quality(70):format(webp)/https://static-id.zacdn.com/p/nike-2445-1734094-1.jpg,: Textile,: Textile,: Rubber,: Tali
Nike,Quest 6 Shoes,Rp 1.199.000,,,https://www.zalora.co.id/p/nike-quest-6-shoes-black-4472954,https://dynamic.zacdn.com/mF43k6AQ4CFOdhLCDiK_oL_khFE=/0x770/filters:quality(70):format(webp)/https://static-id.zacdn.com/p/nike-7261-4592744-1.jpg,": Textile, Synthetic",: Textile,: Rubber,: Tali
Nike,Air Max 90 Shoes,Rp 2.489.000,,,https://www.zalora.co.id/p/nike-air-max-90-shoes-black-4905018,https://dynamic.zacdn.com/R4w9XoYBu30cF3qTUt4rQ_w_kbo=/0x770/filters:quality(70):format(webp)/https://static-id.zacdn.com/p/nike-0965-8105094-1.jpg,: Textile,: Textile,: Rubber,: Tali
Nike,Downshifter 13 Shoes,Rp 899.000,,-20%,https://www.zalora.co.id/p/nike-downshifter-13-shoes-grey-4904425,https://dynamic.zacdn.com/Bm8z7URhthard7I6xa8gQ970p6A=/0x770/filters:quality(70):format(webp)/https://static-id.zacdn.com/p/nike-3571-5244094-1.jpg,": Textile, Synthetic",: Textile,: Rubber,: Tali
Nike,Revolution 7 Road Running Shoes (Extra Wide),Rp 809.000,,-5%,https://www.zalora.co.id/p/nike-revolution-7-road-running-shoes-extra-wide-black-4788407,https://dynamic.zacdn.com/z2p0Iqf6otv8aZitkgdrj8DmyUs=/0x770/filters:quality(70):format(webp)/https://static-id.zacdn.com/p/nike-8044-7048874-1.jpg,: Mesh,: Textile,: Rubber,: Tali
Nike,Uplift SC Shoes,Rp 929.000,Rp 789.650,-15%,https://www.zalora.co.id/p/nike-uplift-sc-shoes-purple-4950862,https://dynamic.zacdn.com/fxX_2mHENqJsvGXIdQ3U7HDnAaM=/0x770/filters:quality(70):format(webp)/https://static-id.zacdn.com/p/nike-3671-2680594-1.jpg,: Textile,: Textile,: Rubber,: Tali
Nike,V5 RNR Shoes,Rp 1.399.000,Rp 1.189.150,-15%,https://www.zalora.co.id/p/nike-v5-rnr-shoes-multi-4917409,https://dynamic.zacdn.com/WVxnkLtiGikKmc6pIB1XwvLtEv0=/0x770/filters:quality(70):format(webp)/https://static-id.zacdn.com/p/nike-1392-9047194-1.jpg,: Mesh,: Textile,: Rubber,: Tali
Nike,Nike Free Road Running Shoes,Rp 1.549.000,Rp 1.161.750,-25%,https://www.zalora.co.id/p/nike-nike-free-road-running-shoes-black-4788096,https://dynamic.zacdn.com/3LJ_viV_SKtl2wMNEdgZnB_l51w=/0x770/filters:quality(70):format(webp)/https://static-id.zacdn.com/p/nike-8649-6908874-1.jpg,: Knit,: Textile,: Rubber,: Tali
Nike,Court Vision Mid Next Nature Shoes,Rp 1.099.000,Rp 741.825,-33%,https://www.zalora.co.id/p/nike-court-vision-mid-next-nature-shoes-white-3199852,https://dynamic.zacdn.com/7oJMfY-7IIET2sgyl8tlxgUkcaw=/0x770/filters:quality(70):format(webp)/https://static-id.zacdn.com/p/nike-5497-2589913-1.jpg,: Polyurethane,: Textile,: Rubber,-
Nike,Winflo 11 Road Running Shoes,Rp 1.549.000,,,https://www.zalora.co.id/p/nike-winflo-11-road-running-shoes-black-4432609,https://dynamic.zacdn.com/5eNLxLH_h_lDVTZdIF_bsD7XDkI=/0x770/filters:quality(70):format(webp)/https://static-id.zacdn.com/p/nike-0766-9062344-1.jpg,: Mesh,: Textile,: Rubber,: Tali
Nike,Quest 6 Road Running Shoes,Rp 1.199.000,Rp 899.250,-25%,https://www.zalora.co.id/p/nike-quest-6-road-running-shoes-white-4904469,https://dynamic.zacdn.com/VcQAwLxR1qqZce2T3xT5osQvZO4=/0x770/filters:quality(70):format(webp)/https://static-id.zacdn.com/p/nike-0937-9644094-1.jpg,: Mesh,: Textile,: Rubber,: Tali
Nike,Revolution 6 Road Running Shoes,Rp 799.000,,,https://www.zalora.co.id/p/nike-revolution-6-road-running-shoes-grey-4904203,https://dynamic.zacdn.com/JtQ-blqiibwseI6eFOxRpVAurgA=/0x770/filters:quality(70):format(webp)/https://static-id.zacdn.com/p/nike-0919-3024094-1.jpg,: Textile,: Textile,: Rubber,: Tali
Nike,Run Defy Shoes,Rp 809.000,,,https://www.zalora.co.id/p/nike-run-defy-shoes-white-4905036,https://dynamic.zacdn.com/EMhmPZaIeImlhj2guvmFsDyHILA=/0x770/filters:quality(70):format(webp)/https://static-id.zacdn.com/p/nike-3605-6305094-1.jpg,: Mesh,: Textile,: Rubber,: Tali
Nike,Cortez Shoes,Rp 1.399.000,Rp 1.189.150,-15%,https://www.zalora.co.id/p/nike-cortez-shoes-green-4904978,https://dynamic.zacdn.com/R2jf3Rv405a1G1N6bJbRcdz_VIw=/0x770/filters:quality(70):format(webp)/https://static-id.zacdn.com/p/nike-4664-8794094-1.jpg,": Synthetic, Textile",: Textile,: Rubber,: Tali
Nike,Pegasus 41 Running Shoes,Rp 2.099.000,Rp 1.699.000,-19%,https://www.zalora.co.id/p/nike-pegasus-41-running-shoes-black-4674106,https://dynamic.zacdn.com/yotdD6WB-7QJCg-olChi5DqQ-z4=/0x770/filters:quality(70):format(webp)/https://static-id.zacdn.com/p/nike-2813-6014764-1.jpg,": Mesh, Synthetic",: Textile,: Rubber,: Tali
Nike,Journey Run Shoes,Rp 1.399.000,Rp 1.189.150,-15%,https://www.zalora.co.id/p/nike-journey-run-shoes-silver-4914260,https://dynamic.zacdn.com/03LmDx17rIe6x_3WdPLlhc6uPG4=/0x770/filters:quality(70):format(webp)/https://static-id.zacdn.com/p/nike-8778-0624194-1.jpg,: Mesh,: Textile,: Rubber,: Tali
Nike,W Court Royale 2 Shoes,Rp 749.000,Rp 636.650,-15%,https://www.zalora.co.id/p/nike-w-court-royale-2-shoes-white-3074336,https://dynamic.zacdn.com/kd9Z7Ot2vgw4eBkYpQb1-eVOIdk=/0x770/filters:quality(70):format(webp)/https://static-id.zacdn.com/p/nike-0423-6334703-1.jpg,: Synthetic,: Textile,: Rubber,-
Nike,Terra Manta Shoes,Rp 1.299.000,Rp 1.039.200,-20%,https://www.zalora.co.id/p/nike-terra-manta-shoes-black-4788373,https://dynamic.zacdn.com/JdfsNWh_6P4wvC0VJh0yFi0CVcE=/0x770/filters:quality(70):format(webp)/https://static-id.zacdn.com/p/nike-1152-3738874-1.jpg,: Textile/Synthetic,: Textile,: Rubber,: Tali
Nike,Downshifter 13 Shoes,Rp 899.000,,-20%,https://www.zalora.co.id/p/nike-downshifter-13-shoes-grey-4904364,https://dynamic.zacdn.com/invSYt7a4qbtIF7WPAMmGd_R-k8=/0x770/filters:quality(70):format(webp)/https://static-id.zacdn.com/p/nike-2865-4634094-1.jpg,": Textile, Synthetic",: Textile,: Rubber,: Tali
Nike,G.T. Jump Academy EP Basketball Shoes,Rp 1.254.140,,,https://www.zalora.co.id/p/nike-g-t-jump-academy-ep-basketball-shoes-multi-4999974,https://dynamic.zacdn.com/dptoRD3aelm8tox4rYL_Wt85e_I=/0x770/filters:quality(70):format(webp)/https://static-id.zacdn.com/p/nike-7496-4799994-1.jpg,: Textile,: Textile,: Rubber,-
Nike,Men's Air Force 1 '07 Shoes,Rp 1.549.000,,,https://www.zalora.co.id/p/nike-men-s-air-force-1-07-shoes-white-3603323,https://dynamic.zacdn.com/SzteP8FKn145jv-SYorh_47XRuQ=/0x770/filters:quality(70):format(webp)/https://static-id.zacdn.com/p/nike-2198-3233063-1.jpg,: Synthetic,: Textile,: Rubber,: Tali
Nike,Pacific Shoes,Rp 1.149.000,Rp 861.750,-25%,https://www.zalora.co.id/p/nike-pacific-shoes-multi-4905541,https://dynamic.zacdn.com/Xra2Y-KGJiBDN_ZdCfWAjZujmPY=/0x770/filters:quality(70):format(webp)/https://static-id.zacdn.com/p/nike-3614-1455094-1.jpg,: Textile/Suede,: Textile,: Rubber,-
Nike,Vomero 18 Road Running Shoes,Rp 2.249.000,,,https://www.zalora.co.id/p/nike-vomero-18-road-running-shoes-white-4788465,https://dynamic.zacdn.com/CAjNTLAg5q6-CORWE-17-AnAXF0=/0x770/filters:quality(70):format(webp)/https://static-id.zacdn.com/p/nike-5703-5648874-1.jpg,: Engineered Mesh,: Textile,: Rubber,: Tali
Nike,Court Vision Alta Shoes,Rp 1.099.000,,-35%,https://www.zalora.co.id/p/nike-court-vision-alta-shoes-white-3074256,https://dynamic.zacdn.com/kAS7LZ3Mv23cXrWDX4Mk6SS2EOk=/0x770/filters:quality(70):format(webp)/https://static-id.zacdn.com/p/nike-9220-6524703-1.jpg,: Leather,: Textile,: Rubber,-
Nike,Waffle Debut Shoes,Rp 1.020.540,,,https://www.zalora.co.id/p/nike-waffle-debut-shoes-white-3757826,https://dynamic.zacdn.com/h_dhA-ZxQKOmWtu0-AAmkWfL50Y=/0x770/filters:quality(70):format(webp)/https://static-id.zacdn.com/p/nike-2663-6287573-1.jpg,: Polyurethane,: Textile,: Rubber,-
Nike,Juniper Trail 3 Trail Running Shoes,Rp 1.370.940,,,https://www.zalora.co.id/p/nike-juniper-trail-3-trail-running-shoes-multi-5000002,https://dynamic.zacdn.com/cBl8sZvG_okpi-tZQ7fjMgWHjYA=/0x770/filters:quality(70):format(webp)/https://static-id.zacdn.com/p/nike-7352-2000005-1.jpg,: Mesh,: Textile,: Rubber,-
Nike,Journey Run Shoes,Rp 1.399.000,,,https://www.zalora.co.id/p/nike-journey-run-shoes-white-4472952,https://dynamic.zacdn.com/LpyKCtmnraYhnh086T8-WOL5on8=/0x770/filters:quality(70):format(webp)/https://static-id.zacdn.com/p/nike-1458-2592744-1.jpg,: Textile,: Textile,: Rubber,: Tali
Nike,Court Vision Low Next Nature Shoes,Rp 799.000,,,https://www.zalora.co.id/p/nike-court-vision-low-next-nature-shoes-grey-4473066,https://dynamic.zacdn.com/wUqxvYfjo4JxDe8zQbZh1n6U_d4=/0x770/filters:quality(70):format(webp)/https://static-id.zacdn.com/p/nike-5290-6603744-1.jpg,: Polyurethane,: Textile,: Rubber,: Tali
Nike,Free Metcon 6 Workout Shoes,Rp 1.909.000,,,https://www.zalora.co.id/p/nike-free-metcon-6-workout-shoes-white-4904392,https://dynamic.zacdn.com/R1fk_Onx9c0WgyQ7cvN0cDppCuY=/0x770/filters:quality(70):format(webp)/https://static-id.zacdn.com/p/nike-3561-2934094-1.jpg,: Mesh,: Textile,: Rubber,: Tali
Nike,Pegasus 41 Road Running Shoes,Rp 2.099.000,,,https://www.zalora.co.id/p/nike-pegasus-41-road-running-shoes-grey-4788045,https://dynamic.zacdn.com/07zg-fTUXdG1g_wFoElMxqUBzNM=/0x770/filters:quality(70):format(webp)/https://static-id.zacdn.com/p/nike-3009-5408874-1.jpg,: Engineered Mesh,: Textile,: Waffle-inspired Rubber,: Tali
Nike,Precision 6 Basketball Shoes,Rp 1.020.540,,,https://www.zalora.co.id/p/nike-precision-6-basketball-shoes-black-3587585,https://dynamic.zacdn.com/1BkqTTuT5bg1BPZmUfkbz0IYY4U=/0x770/filters:quality(70):format(webp)/https://static-id.zacdn.com/p/nike-4412-5857853-1.jpg,: Textile/Synthetic,: Textile,: Rubber,: Tali
Nike,Court Royale 2 Next Nature Men's Shoes,Rp 749.000,,-35%,https://www.zalora.co.id/p/nike-court-royale-2-next-nature-men-s-shoes-black-3074374,https://dynamic.zacdn.com/jg9dhf23iXhmgu_sKUYI_6C7bwo=/0x770/filters:quality(70):format(webp)/https://static-id.zacdn.com/p/nike-3681-4734703-1.jpg,: Synthetic Leather,: Textile,: Rubber,-
Nike,Motiva Walking Shoes,Rp 1.808.940,,,https://www.zalora.co.id/p/nike-motiva-walking-shoes-multi-4999864,https://dynamic.zacdn.com/NRblCekCocrLkI_tMrF1AxQ3fX0=/0x770/filters:quality(70):format(webp)/https://static-id.zacdn.com/p/nike-7452-4689994-1.jpg,: Textile,: Textile,: Rubber,-
Nike,Motiva Walking Shoes,Rp 1.808.940,,,https://www.zalora.co.id/p/nike-motiva-walking-shoes-multi-4999864,https://dynamic.zacdn.com/NRblCekCocrLkI_tMrF1AxQ3fX0=/0x770/filters:quality(70):format(webp)/https://static-id.zacdn.com/p/nike-7452-4689994-1.jpg,: Textile,: Textile,: Rubber,-
Nike,Terra Manta Shoes,Rp 1.299.000,Rp 1.039.200,-20%,https://www.zalora.co.id/p/nike-terra-manta-shoes-blue-4788033,https://dynamic.zacdn.com/8EsDZK68wmr8DDGSL3h7ookN6hE=/0x770/filters:quality(70):format(webp)/https://static-id.zacdn.com/p/nike-1161-3308874-1.jpg,: Textile/Synthetic,: Textile,: Rubber,: Tali
Nike,MC Trainer 3 Workout Shoes,Rp 1.069.000,,,https://www.zalora.co.id/p/nike-mc-trainer-3-workout-shoes-black-4473440,https://dynamic.zacdn.com/viEkjmI7lMmyGraTX8Q5qmOaOJU=/0x770/filters:quality(70):format(webp)/https://static-id.zacdn.com/p/nike-1543-0443744-1.jpg,: Tekstil,: Tekstil,: Rubber,: Tali
Nike,Air Max Excee Shoes,Rp 1.692.140,,,https://www.zalora.co.id/p/nike-air-max-excee-shoes-multi-4999738,https://dynamic.zacdn.com/8twd_Ve5LBZw7Ykwh4gtIvF9KSA=/0x770/filters:quality(70):format(webp)/https://static-id.zacdn.com/p/nike-7269-8379994-1.jpg,": Polyurethane, Synthetic",: Textile,: Rubber,-
Nike,Pegasus 41 Shoes,Rp 2.099.000,,,https://www.zalora.co.id/p/nike-pegasus-41-shoes-blue-4904232,https://dynamic.zacdn.com/7JdwUoDNej5VwftLctS0ohxtm-k=/0x770/filters:quality(70):format(webp)/https://static-id.zacdn.com/p/nike-2316-2324094-1.jpg,: Mesh,: Textile,: Rubber,: Tali
Nike,Interact Run Shoes,Rp 1.199.000,,,https://www.zalora.co.id/p/nike-interact-run-shoes-grey-4904235,https://dynamic.zacdn.com/BJgTHTp8H8sSEpFxulHBTgYWKzg=/0x770/filters:quality(70):format(webp)/https://static-id.zacdn.com/p/nike-3000-5324094-1.jpg,: Textile,: Textile,: Rubber,: Tali
Nike,Downshifter 13 Road Running Shoes,Rp 899.000,,,https://www.zalora.co.id/p/nike-downshifter-13-road-running-shoes-blue-4904447,https://dynamic.zacdn.com/ZAPsajsb9o3AzAm2R8nYf7i4wJg=/0x770/filters:quality(70):format(webp)/https://static-id.zacdn.com/p/nike-1582-7444094-1.jpg,: Mesh,: Textile,: Rubber,: Tali
Nike,Field General Shoes,Rp 1.692.140,,,https://www.zalora.co.id/p/nike-field-general-shoes-multi-4999985,https://dynamic.zacdn.com/XQBp6DEMHra81g3G5F6AhGh9MbM=/0x770/filters:quality(70):format(webp)/https://static-id.zacdn.com/p/nike-7624-5899994-1.jpg,": Suede, Textile",: Textile,: Rubber,-
Nike,Gamma Force Shoes,Rp 1.399.000,Rp 1.119.200,-20%,https://www.zalora.co.id/p/nike-gamma-force-shoes-white-4005804,https://dynamic.zacdn.com/5A8ZM9mbW822wCjFu9Z_3YQ-tXc=/0x770/filters:quality(70):format(webp)/https://static-id.zacdn.com/p/nike-5623-4085004-1.jpg,: Synthetic Leather/Textile/Suede Leather,: Textile,: Rubber,-
Nike,Pacific Shoes,Rp 1.149.000,,,https://www.zalora.co.id/p/nike-pacific-shoes-green-4905094,https://dynamic.zacdn.com/ExtnCEJfMArOPDpeuuWs-elAhN0=/0x770/filters:quality(70):format(webp)/https://static-id.zacdn.com/p/nike-3836-4905094-1.jpg,: Suede/Textile/Synthetic,: Textile,: Rubber,: Tali
Nike,Vomero 18 Shoes,Rp 2.249.000,,,https://www.zalora.co.id/p/nike-vomero-18-shoes-black-4904914,https://dynamic.zacdn.com/YSStTXm93auQYnchYbVEs3ZnkBM=/0x770/filters:quality(70):format(webp)/https://static-id.zacdn.com/p/nike-2464-4194094-1.jpg,: Textile,: Textile,: Rubber,: Tali
Nike,Bella 7 Workout Shoes,Rp 1.399.000,Rp 1.049.250,-25%,https://www.zalora.co.id/p/nike-bella-7-workout-shoes-white-4788350,https://dynamic.zacdn.com/_BymhJxQdU9YQY_mwIsrQfXsBpc=/0x770/filters:quality(70):format(webp)/https://static-id.zacdn.com/p/nike-5659-0538874-1.jpg,: Mesh,: Textile,: Rubber,: Tali
Nike,Winflo 11 Road Running Shoes,Rp 1.549.000,Rp 1.192.730,-23%,https://www.zalora.co.id/p/nike-winflo-11-road-running-shoes-white-4904554,https://dynamic.zacdn.com/a0Tleid9ZcWJcL89VP7WkEq5Diw=/0x770/filters:quality(70):format(webp)/https://static-id.zacdn.com/p/nike-3582-4554094-1.jpg,: Mesh,: Textile,: Rubber,: Tali
Nike,Air Zoom Structure 25 Shoes,Rp 2.159.340,,,https://www.zalora.co.id/p/nike-air-zoom-structure-25-shoes-purple-4999836,https://dynamic.zacdn.com/Wp3h9_CvQa0zKup9TyaOUOHb6pQ=/0x770/filters:quality(70):format(webp)/https://static-id.zacdn.com/p/nike-7339-6389994-1.jpg,": Mesh, Synthetic",: Textile,: Rubber,-
Nike,Downshifter 12 Shoes,Rp 874.540,,,https://www.zalora.co.id/p/nike-downshifter-12-shoes-white-4999828,https://dynamic.zacdn.com/k6oikpG86prY7R8CeqxLl1YCfIY=/0x770/filters:quality(70):format(webp)/https://static-id.zacdn.com/p/nike-1219-8289994-1.jpg,: Mesh,: Textile,: Rubber,-
Nike,Field General Shoes,Rp 1.692.140,,,https://www.zalora.co.id/p/nike-field-general-shoes-multi-4999970,https://dynamic.zacdn.com/8GDpQ1shVjXMa2b8w0cWMVTJb-Y=/0x770/filters:quality(70):format(webp)/https://static-id.zacdn.com/p/nike-7495-0799994-1.jpg,": Suede, Textile",: Textile,: Rubber,-
Nike,Winflo 11 Road Running Shoes,Rp 1.549.000,,,https://www.zalora.co.id/p/nike-winflo-11-road-running-shoes-grey-4904335,https://dynamic.zacdn.com/GJXTi3WBgzHvY9-jdPEtTAf3r90=/0x770/filters:quality(70):format(webp)/https://static-id.zacdn.com/p/nike-2985-5334094-1.jpg,: Mesh,: Textile,: Rubber,: Tali
Nike,Women's Air Zoom Pegasus 41 FP Shoes,Rp 2.099.000,Rp 1.574.250,-25%,https://www.zalora.co.id/p/nike-women-s-air-zoom-pegasus-41-fp-shoes-multi-4473419,https://dynamic.zacdn.com/CMwleROLYD56baaz8w7zBFmvcRU=/0x770/filters:quality(70):format(webp)/https://static-id.zacdn.com/p/nike-5313-9143744-1.jpg,: Textile,: Textile,: Rubber,: Tali
Nike,Air Max 90 Shoes,Rp 1.899.000,Rp 1.709.100,-10%,https://www.zalora.co.id/p/nike-air-max-90-shoes-multi-4899962,https://dynamic.zacdn.com/4rxzB8Si6Qhuh6ilnDRGYlZ0BD4=/0x770/filters:quality(70):format(webp)/https://static-id.zacdn.com/p/nike-9201-2699984-1.jpg,: Mesh/Polyurethane/TPU,: Textile,: Rubber,: Tali
Nike,Dunk Low Retro Shoes,Rp 1.549.000,,,https://www.zalora.co.id/p/nike-dunk-low-retro-shoes-white-4904407,https://dynamic.zacdn.com/jHjtlswDBHO4vaQD8YlpmsJszBY=/0x770/filters:quality(70):format(webp)/https://static-id.zacdn.com/p/nike-3830-7044094-1.jpg,: Synthetic/Leather,: Textile,: Rubber,: Tali
Nike,Journey Run Women's Shoes,Rp 1.399.000,,,https://www.zalora.co.id/p/nike-journey-run-women-s-shoes-black-4432408,https://dynamic.zacdn.com/RV2ejXvYi9NbMnaVDK7ldSN4h0Y=/0x770/filters:quality(70):format(webp)/https://static-id.zacdn.com/p/nike-8014-8042344-1.jpg,: Textile,: Textile,: Rubber,: Tali
Nike,Reax 8 TR Men's Workout Shoes,Rp 1.370.940,,,https://www.zalora.co.id/p/nike-reax-8-tr-men-s-workout-shoes-multi-4999878,https://dynamic.zacdn.com/Da9xpKQmC2K3RcY9y8QZkeZAK8w=/0x770/filters:quality(70):format(webp)/https://static-id.zacdn.com/p/nike-7522-8789994-1.jpg,": Mesh, Synthetic",: Textile,: Rubber,-
Nike,Air Max Nuaxis Shoes,Rp 1.516.940,,,https://www.zalora.co.id/p/nike-air-max-nuaxis-shoes-multi-4999736,https://dynamic.zacdn.com/t55f80kE7pDt72IeO7WU6U01b6M=/0x770/filters:quality(70):format(webp)/https://static-id.zacdn.com/p/nike-7509-6379994-1.jpg,: Mesh,: Textile,: Rubber,-
Nike,Reina EasyOn Shoes,Rp 2.199.000,,,https://www.zalora.co.id/p/nike-reina-easyon-shoes-black-4788193,https://dynamic.zacdn.com/covBUTNuqe9Ol-kkCo81RiHTAus=/0x770/filters:quality(70):format(webp)/https://static-id.zacdn.com/p/nike-4520-3918874-1.jpg,: Knit,: Textile,: Rubber,: Slip On
Nike,Motiva Walking Shoes,Rp 1.729.000,Rp 1.296.750,-25%,https://www.zalora.co.id/p/nike-motiva-walking-shoes-white-4788324,https://dynamic.zacdn.com/8DsnHXBTN-E7xm8FlHb0iIpODJM=/0x770/filters:quality(70):format(webp)/https://static-id.zacdn.com/p/nike-5701-4238874-1.jpg,: Textile,: Textile,: Rubber,: Tali
Nike,Metcon 9 Workout Shoes,Rp 2.199.000,,,https://www.zalora.co.id/p/nike-metcon-9-workout-shoes-white-4788036,https://dynamic.zacdn.com/jlwAPDzYPoQFvmqKPXIiUOirA38=/0x770/filters:quality(70):format(webp)/https://static-id.zacdn.com/p/nike-5692-6308874-1.jpg,: Mesh,: Textile,: Rubber,: Tali
Nike,Metcon 9 Workout Shoes,Rp 2.199.000,,,https://www.zalora.co.id/p/nike-metcon-9-workout-shoes-white-4788036,https://dynamic.zacdn.com/jlwAPDzYPoQFvmqKPXIiUOirA38=/0x770/filters:quality(70):format(webp)/https://static-id.zacdn.com/p/nike-5692-6308874-1.jpg,: Mesh,: Textile,: Rubber,: Tali
Nike,Motiva Walking Shoes,Rp 1.729.000,Rp 1.296.750,-25%,https://www.zalora.co.id/p/nike-motiva-walking-shoes-white-4788324,https://dynamic.zacdn.com/8DsnHXBTN-E7xm8FlHb0iIpODJM=/0x770/filters:quality(70):format(webp)/https://static-id.zacdn.com/p/nike-5701-4238874-1.jpg,: Textile,: Textile,: Rubber,: Tali
Nike,Juniper Trail 3 Shoes,Rp 1.370.940,,,https://www.zalora.co.id/p/nike-juniper-trail-3-shoes-red-4999905,https://dynamic.zacdn.com/BTV09QNdRaW-BDEuj2BtwXqQf7Y=/0x770/filters:quality(70):format(webp)/https://static-id.zacdn.com/p/nike-0909-5099994-1.jpg,: Mesh,: Textile,: Rubber,-
Nike,Air Zoom Upturn SC Shoes,Rp 1.604.540,,,https://www.zalora.co.id/p/nike-air-zoom-upturn-sc-shoes-multi-4999763,https://dynamic.zacdn.com/QgELffs-dgRLqRAUtfnqA-KDtI4=/0x770/filters:quality(70):format(webp)/https://static-id.zacdn.com/p/nike-7409-3679994-1.jpg,: Mesh,: Textile,: Rubber,-
Nike,Field General Shoes,Rp 1.692.140,,,https://www.zalora.co.id/p/nike-field-general-shoes-multi-4999930,https://dynamic.zacdn.com/DdauuJTWwBQOzU9ofQeigNMHHgU=/0x770/filters:quality(70):format(webp)/https://static-id.zacdn.com/p/nike-7538-0399994-1.jpg,": Suede, Textile",: Textile,: Rubber,-
Nike,Pegasus 41 Shoes,Rp 2.159.340,,,https://www.zalora.co.id/p/nike-pegasus-41-shoes-black-4788032,https://dynamic.zacdn.com/XxFCKQfkshhxRWLgdzklBVGMsfQ=/0x770/filters:quality(70):format(webp)/https://static-id.zacdn.com/p/nike-8779-2308874-1.jpg,": Mesh, Synthetic",: Textile,: Rubber,: Tali
Nike,Zoom Bella 6 Shoes,Rp 1.370.940,,,https://www.zalora.co.id/p/nike-zoom-bella-6-shoes-multi-4999825,https://dynamic.zacdn.com/lfytojfKnorUu97BAtiDIAHtX7w=/0x770/filters:quality(70):format(webp)/https://static-id.zacdn.com/p/nike-1274-5289994-1.jpg,: Mesh,: Textile,: Rubber,-
Nike,Winflo 11 Road Running Shoes,Rp 1.549.000,Rp 1.161.750,-25%,https://www.zalora.co.id/p/nike-winflo-11-road-running-shoes-white-4432623,https://dynamic.zacdn.com/rOwBsNc518rrFpEVzogO1rlcnT8=/0x770/filters:quality(70):format(webp)/https://static-id.zacdn.com/p/nike-0528-3262344-1.jpg,: Mesh,: Textile,: Rubber,: Tali
Nike,G.T. Cut Academy Ep Shoes,Rp 1.458.540,,,https://www.zalora.co.id/p/nike-g-t-cut-academy-ep-shoes-multi-4999848,https://dynamic.zacdn.com/Dw4X-GB4LWNzbVZz1zI-PygVr8I=/0x770/filters:quality(70):format(webp)/https://static-id.zacdn.com/p/nike-7603-8489994-1.jpg,: Textile,: Textile,: Rubber,-
Nike,Air Max Excee Shoes,Rp 1.549.000,Rp 1.394.100,-10%,https://www.zalora.co.id/p/nike-air-max-excee-shoes-white-4229791,https://dynamic.zacdn.com/mRtbHkOSRoiKwsuN0CSDBc1ABZw=/0x770/filters:quality(70):format(webp)/https://static-id.zacdn.com/p/nike-0544-1979224-1.jpg,": Textile, Polyurethane",: Textile,: Rubber,: Perekat
Nike,Air Zoom Upturn SC Shoes,Rp 1.604.540,,,https://www.zalora.co.id/p/nike-air-zoom-upturn-sc-shoes-multi-4999732,https://dynamic.zacdn.com/AfgsUCG7QY6jZHLSEHg_ItXZd98=/0x770/filters:quality(70):format(webp)/https://static-id.zacdn.com/p/nike-7469-2379994-1.jpg,: Mesh,: Textile,: Rubber,-
Nike,Motiva Walking Shoes,Rp 1.729.000,Rp 1.296.750,-25%,https://www.zalora.co.id/p/nike-motiva-walking-shoes-blue-4787984,https://dynamic.zacdn.com/Hd2L1lfKXsWt_a7QSBARUkAwMwk=/0x770/filters:quality(70):format(webp)/https://static-id.zacdn.com/p/nike-4058-4897874-1.jpg,: Textile,: Textile,: Rubber,: Tali
Nike,Juniper Trail 3 Trail Running Shoes,Rp 1.370.940,,,https://www.zalora.co.id/p/nike-juniper-trail-3-trail-running-shoes-white-4999909,https://dynamic.zacdn.com/PfeYdDlg6bg3p7DDTGKrUSwf73M=/0x770/filters:quality(70):format(webp)/https://static-id.zacdn.com/p/nike-7454-9099994-1.jpg,: Mesh,: Textile,: Rubber,-
Nike,Revolution 8 Shoes,Rp 962.140,,,https://www.zalora.co.id/p/nike-revolution-8-shoes-multi-4999942,https://dynamic.zacdn.com/sphf4oYrtcLEAn9RrV0aSvBVX6w=/0x770/filters:quality(70):format(webp)/https://static-id.zacdn.com/p/nike-0982-2499994-1.jpg,: Textile,: Textile,: Rubber,-
Nike,Zoom Vomero 5 Shoes,Rp 2.489.000,Rp 2.115.650,-15%,https://www.zalora.co.id/p/nike-zoom-vomero-5-shoes-multi-4943931,https://dynamic.zacdn.com/8RYnBrGBNQVWag5VEHMvq12mJXM=/0x770/filters:quality(70):format(webp)/https://static-id.zacdn.com/p/nike-2295-1393494-1.jpg,": Mesh, Synthetic",: Textile,: Rubber,: Tali
Nike,MC Trainer 2 Shoes,Rp 1.020.540,,,https://www.zalora.co.id/p/nike-mc-trainer-2-shoes-grey-4904429,https://dynamic.zacdn.com/v0iheq5y78ufAwJQgrN0rVK2390=/0x770/filters:quality(70):format(webp)/https://static-id.zacdn.com/p/nike-3573-9244094-1.jpg,": Mesh, Synthetic",: Textile,: Rubber,: Tali
Nike,Quest 6 Shoes,Rp 1.254.140,,,https://www.zalora.co.id/p/nike-quest-6-shoes-multi-4999932,https://dynamic.zacdn.com/_NQ9pXgaOewyH8buB7u3yRFjKis=/0x770/filters:quality(70):format(webp)/https://static-id.zacdn.com/p/nike-1208-2399994-1.jpg,: Textile,: Textile,: Rubber,-
Nike,Promina Shoes,Rp 962.140,,,https://www.zalora.co.id/p/nike-promina-shoes-multi-4999931,https://dynamic.zacdn.com/5Xrc2jT2UZ1m1xJP45tkBx38JXE=/0x770/filters:quality(70):format(webp)/https://static-id.zacdn.com/p/nike-0898-1399994-1.jpg,: Textile,: Textile,: Rubber,-
Nike,Initiator Shoes,Rp 1.312.540,,,https://www.zalora.co.id/p/nike-initiator-shoes-brown-4976660,https://dynamic.zacdn.com/VGYogqtAXS46uOOdabopl-AaQeg=/0x770/filters:quality(70):format(webp)/https://static-id.zacdn.com/p/nike-4596-0666794-1.jpg,: Synthetic and Lace Textile,: Textile,: Rubber,: Tali
Nike,Motiva Walking Shoes,Rp 1.729.000,Rp 1.556.100,-10%,https://www.zalora.co.id/p/nike-motiva-walking-shoes-black-4100668,https://dynamic.zacdn.com/IikYTmE8geF0OFTAi4oDK2ypoDM=/0x770/filters:quality(70):format(webp)/https://static-id.zacdn.com/p/nike-0223-8660014-1.jpg,: Textile,: Textile,: Rubber,: Tali
Nike,Run Defy Road Running Shoes,Rp 809.000,,,https://www.zalora.co.id/p/nike-run-defy-road-running-shoes-black-4905042,https://dynamic.zacdn.com/3INKv6NJD_1Q1BZV8zkxlJA5guQ=/0x770/filters:quality(70):format(webp)/https://static-id.zacdn.com/p/nike-0967-2405094-1.jpg,: Mesh,: Textile,: Rubber,: Tali
