Brand,Nama Produk,Harga,Harga Diskon,Diskon Persen,Link,Gambar,Material Atas,Material Dalam,Material Sol,Pengikat
Converse,Chuck Taylor 70's - Hi,Rp 1.299.000,Rp 772.905,-41%,https://www.zalora.co.id/p/converse-chuck-taylor-70-s-hi-black-1609387,https://dynamic.zacdn.com/0gprAdM6B3lb1V3nDQ8a1KuFhi0=/0x770/filters:quality(70):format(webp)/https://static-id.zacdn.com/p/converse-3528-7839061-1.jpg,: Canvas,: Textile,: Rubber,: Tali
Converse,Chuck Taylor 70's - Ox,Rp 1.199.000,Rp 863.280,-28%,https://www.zalora.co.id/p/converse-chuck-taylor-70-s-ox-white-1609386,https://dynamic.zacdn.com/6L4-OrLJFQopyBQYFOOe48oX7XA=/0x770/filters:quality(70):format(webp)/https://static-id.zacdn.com/p/converse-4036-6839061-1.jpg,: Canvas,: Textile,: Rubber,: Tali
Converse,Chuck Taylor All Star Canvas - Ox,Rp 859.000,Rp 584.120,-32%,https://www.zalora.co.id/p/converse-chuck-taylor-all-star-canvas-ox-black-2346612,https://dynamic.zacdn.com/oa-smPhLnMZPt1Tjx_jSwGBIFR0=/0x770/filters:quality(70):format(webp)/https://static-id.zacdn.com/p/converse-3945-2166432-1.jpg,: Canvas,: Synthetic,: Rubber,-
Converse,Chuck Taylor All Star Canvas - Ox,Rp 859.000,Rp 549.760,-36%,https://www.zalora.co.id/p/converse-chuck-taylor-all-star-canvas-ox-white-2040549,https://dynamic.zacdn.com/YpNe7j2jsY0wl48tvTGFicTDOTM=/0x770/filters:quality(70):format(webp)/https://static-id.zacdn.com/p/converse-9987-9450402-1.jpg,: Canvas,: Textile,: Rubber,: Tali
Converse,Chuck Taylor All Star Canvas - Hi,Rp 899.000,Rp 611.320,-32%,https://www.zalora.co.id/p/converse-chuck-taylor-all-star-canvas-hi-black-2346613,https://dynamic.zacdn.com/NWc-oiH5Xrd1ZaJxo0rPc-vhn1A=/0x770/filters:quality(70):format(webp)/https://static-id.zacdn.com/p/converse-3600-3166432-1.jpg,: Canvas,: Synthetic,: Rubber,: Tali
Converse,Chuck Taylor All Star Canvas - Hi,Rp 899.000,Rp 575.360,-36%,https://www.zalora.co.id/p/converse-chuck-taylor-all-star-canvas-hi-white-2040550,https://dynamic.zacdn.com/r3ndzKgY25dUrWDyhrj838livg8=/0x770/filters:quality(70):format(webp)/https://static-id.zacdn.com/p/converse-9988-0550402-1.jpg,: Canvas,: Textile,: Rubber,: Tali
Converse,Chuck Taylor 70's - Hi,Rp 1.299.000,Rp 883.320,-32%,https://www.zalora.co.id/p/converse-chuck-taylor-70-s-hi-white-2976467,https://dynamic.zacdn.com/w3ZPqYKbSnpg9i_I1VC5Rz4f83E=/0x770/filters:quality(70):format(webp)/https://static-id.zacdn.com/p/converse-4834-7646792-1.jpg,: Canvas,: Textile,: Rubber,: Tali
Converse,Chuck Taylor All Star Move,Rp 1.199.000,Rp 815.320,-32%,https://www.zalora.co.id/p/converse-chuck-taylor-all-star-move-white-3094400,https://dynamic.zacdn.com/kAniRrn2K0R_L_aPAhWPJpxmQDk=/0x770/filters:quality(70):format(webp)/https://static-id.zacdn.com/p/converse-4295-0044903-1.jpg,: Canvas,: Textile,: Rubber,: Tali
Converse,Chuck Taylor All Star Loafers,Rp 1.199.000,Rp 1.019.150,-15%,https://www.zalora.co.id/p/converse-chuck-taylor-all-star-loafers-black-4919739,https://dynamic.zacdn.com/fFyESWaCWb6u1miRKK_f3eMKQ4s=/0x770/filters:quality(70):format(webp)/https://static-id.zacdn.com/p/converse-7660-9379194-1.jpg,: Suede,: Textile,: Rubber,: Slip On
Converse,Chuck Taylor All Star Move,Rp 1.199.000,Rp 815.320,-32%,https://www.zalora.co.id/p/converse-chuck-taylor-all-star-move-black-3094399,https://dynamic.zacdn.com/3oaGJ8lNOcsSybULfKwvJcAz0lE=/0x770/filters:quality(70):format(webp)/https://static-id.zacdn.com/p/converse-6026-9934903-1.jpg,: Canvas,: Textile,: Rubber,: Tali
Converse,Chuck Taylor All Star,Rp 1.099.000,Rp 934.150,-15%,https://www.zalora.co.id/p/converse-chuck-taylor-all-star-black-4822184,https://dynamic.zacdn.com/shcIK5OHgkQ5v984HDD_0AMupLU=/0x770/filters:quality(70):format(webp)/https://static-id.zacdn.com/p/converse-2834-4812284-1.jpg,: Kanvas,: Tekstil,: Rubber,: Tali
Converse,Chuck Taylor All Star - Hi,Rp 1.299.000,Rp 831.360,-36%,https://www.zalora.co.id/p/converse-chuck-taylor-all-star-hi-black-3093422,https://dynamic.zacdn.com/rKb_TrTArNOHeDrfx0KT1MNfGQU=/0x770/filters:quality(70):format(webp)/https://static-id.zacdn.com/p/converse-6201-2243903-1.jpg,: Leather,: Textile,: Rubber,: Tali
Converse,Chuck Taylor All Star 1V Sneakers,Rp 599.000,Rp 479.200,-20%,https://www.zalora.co.id/p/converse-chuck-taylor-all-star-1v-sneakers-white-4941012,https://dynamic.zacdn.com/Vn5YR911_c98_-lWH2kBYxe5UCI=/0x770/filters:quality(70):format(webp)/https://static-id.zacdn.com/p/converse-2108-2101494-1.jpg,: Textile,: Textile,: Rubber,-
Converse,Chuck Taylor All Star Wedge,Rp 1.599.000,Rp 1.359.150,-15%,https://www.zalora.co.id/p/converse-chuck-taylor-all-star-wedge-black-4953962,https://dynamic.zacdn.com/OFoT7Mlma25Aq4Z2-FubShy-dpM=/0x770/filters:quality(70):format(webp)/https://static-id.zacdn.com/p/converse-2781-2693594-1.jpg,: Kanvas,: Tekstil,: Rubber,: Tali
Converse,Run Star Trainer Shoes,Rp 1.199.000,Rp 1.019.150,-15%,https://www.zalora.co.id/p/converse-run-star-trainer-shoes-beige-4940608,https://dynamic.zacdn.com/bj_jlmajfO1jzRwGD03Ds79aDpw=/0x770/filters:quality(70):format(webp)/https://static-id.zacdn.com/p/converse-2573-8060494-1.jpg,: Suede,: Textile,: Rubber,: Tali
Converse,Chuck Taylor All Star Canvas - Ox,Rp 859.000,Rp 584.120,-32%,https://www.zalora.co.id/p/converse-chuck-taylor-all-star-canvas-ox-navy-2364313,https://dynamic.zacdn.com/bDFoXJGV_pUrpKUqOWshAcuX3MA=/0x770/filters:quality(70):format(webp)/https://static-id.zacdn.com/p/converse-8325-3134632-1.jpg,: Canvas,: Textile,: Rubber,: Tali
Converse,Chuck Taylor All Star,Rp 999.000,Rp 849.150,-15%,https://www.zalora.co.id/p/converse-chuck-taylor-all-star-beige-white-4953884,https://dynamic.zacdn.com/Lnc19yRaA7Wdhc-dfrbGgxGJmHU=/0x770/filters:quality(70):format(webp)/https://static-id.zacdn.com/p/converse-7521-4883594-1.jpg,: Kanvas,: Tekstil,: Rubber,: Tali
Converse,Run Star Trainer Shoes,Rp 1.199.000,Rp 1.019.150,-15%,https://www.zalora.co.id/p/converse-run-star-trainer-shoes-green-4940607,https://dynamic.zacdn.com/2CE1xsmiw9BB9x9DmxjKLeplSt4=/0x770/filters:quality(70):format(webp)/https://static-id.zacdn.com/p/converse-2234-7060494-1.jpg,: Suede,: Textile,: Rubber,: Tali
Converse,Chuck Taylor Lugged Heel Mary Jane,Rp 1.599.000,Rp 1.108.107,-31%,https://www.zalora.co.id/p/converse-chuck-taylor-lugged-heel-mary-jane-beige-4822172,https://dynamic.zacdn.com/2e7JUdDfooJc7pDZ4gK_i2QKShM=/0x770/filters:quality(70):format(webp)/https://static-id.zacdn.com/p/converse-6212-2712284-1.jpg,: Leather,: Tekstil,: Rubber,: Buckle / Bow
Converse,Chuck Taylor All Star Canvas - Ox,Rp 859.000,Rp 584.120,-32%,https://www.zalora.co.id/p/converse-chuck-taylor-all-star-canvas-ox-black-2346611,https://dynamic.zacdn.com/Sz2suhPqXKgcUj49OvQIFp9Wr9o=/0x770/filters:quality(70):format(webp)/https://static-id.zacdn.com/p/converse-3660-1166432-1.jpg,: Canvas,: Synthetic,: Rubber,: Tali
Converse,One Star 95 Sneakers,Rp 1.299.000,Rp 1.104.150,-15%,https://www.zalora.co.id/p/converse-one-star-95-sneakers-navy-4940356,https://dynamic.zacdn.com/4w_P0f7kB8RDjyLBQUK7J30chTg=/0x770/filters:quality(70):format(webp)/https://static-id.zacdn.com/p/converse-2242-6530494-1.jpg,: Suede,: Textile,: Rubber,: Tali
Converse,Chuck Taylor All Star Lift,Rp 1.199.000,Rp 923.230,-23%,https://www.zalora.co.id/p/converse-chuck-taylor-all-star-lift-red-4822193,https://dynamic.zacdn.com/qp_Dznc1MHiuVqXhePI272HBn7U=/0x770/filters:quality(70):format(webp)/https://static-id.zacdn.com/p/converse-2166-3912284-1.jpg,: Kanvas,: Tekstil,: Rubber,: Tali
Converse,Chuck Taylor All Star,Rp 1.199.000,Rp 809.325,-33%,https://www.zalora.co.id/p/converse-chuck-taylor-all-star-black-4829172,https://dynamic.zacdn.com/CMuhePQt0-_YqpqvHuDiJVQ09Oo=/0x770/filters:quality(70):format(webp)/https://static-id.zacdn.com/p/converse-9823-2719284-1.jpg,: Kanvas,: Tekstil,: Rubber,: Tali
Converse,Chuck Taylor All Star - Ox,Rp 1.199.000,Rp 767.360,-36%,https://www.zalora.co.id/p/converse-chuck-taylor-all-star-ox-black-3093421,https://dynamic.zacdn.com/cRCxugM8utqJejO_pKht1FUIBxU=/0x770/filters:quality(70):format(webp)/https://static-id.zacdn.com/p/converse-4114-1243903-1.jpg,: Leather,: Textile,: Rubber,: Tali
Converse,Chuck Taylor All Star Canvas - Hi,Rp 899.000,Rp 575.360,-36%,https://www.zalora.co.id/p/converse-chuck-taylor-all-star-canvas-hi-black-2352675,https://dynamic.zacdn.com/qdyFvDX7wOkPRA0Gu7rszWgIO3s=/0x770/filters:quality(70):format(webp)/https://static-id.zacdn.com/p/converse-0776-5762532-1.jpg,: Canvas,: Textile,: Rubber,: Tali
Converse,Chuck Taylor All Star Eva Lift,Rp 659.000,Rp 527.200,-20%,https://www.zalora.co.id/p/converse-chuck-taylor-all-star-eva-lift-grey-4941011,https://dynamic.zacdn.com/x6AU5oaqzF7vXPwuI23NFZVof1s=/0x770/filters:quality(70):format(webp)/https://static-id.zacdn.com/p/converse-1845-1101494-1.jpg,: Kanvas,: Tekstil,: Rubber,-
Converse,Chuck Taylor All Star,Rp 1.199.000,Rp 830.907,-31%,https://www.zalora.co.id/p/converse-chuck-taylor-all-star-green-4829166,https://dynamic.zacdn.com/S8HL0JHyN7jcUmyOjPQ3BJMYbFA=/0x770/filters:quality(70):format(webp)/https://static-id.zacdn.com/p/converse-0051-6619284-1.jpg,: Kanvas,: Tekstil,: Rubber,: Tali
Converse,Chuck Taylor All Star Move,Rp 1.299.000,Rp 727.440,-44%,https://www.zalora.co.id/p/converse-chuck-taylor-all-star-move-white-3094404,https://dynamic.zacdn.com/EutPdvKB2HNqWOG1Apwefns57z4=/0x770/filters:quality(70):format(webp)/https://static-id.zacdn.com/p/converse-6032-4044903-1.jpg,: Canvas,: Textile,: Rubber,: Tali
Converse,Chuck Taylor All Star Lift - Hi,Rp 1.299.000,Rp 831.360,-36%,https://www.zalora.co.id/p/converse-chuck-taylor-all-star-lift-hi-white-4514604,https://dynamic.zacdn.com/RJf6E1HQpB6oIIaPOAcqqijC62g=/0x770/filters:quality(70):format(webp)/https://static-id.zacdn.com/p/converse-2334-4064154-1.jpg,: Canvas,: Textile,: Rubber,: Tali
Converse,Chuck Taylor All Star Lift,Rp 1.299.000,Rp 552.075,-57%,https://www.zalora.co.id/p/converse-chuck-taylor-all-star-lift-blue-4688727,https://dynamic.zacdn.com/D8Rl52iYgtW08tuZREymNzxYcn4=/0x770/filters:quality(70):format(webp)/https://static-id.zacdn.com/p/converse-4788-7278864-1.jpg,: Tekstil,: Tekstil,: Rubber,: Tali
Converse,Chuck Taylor All Star Shoes,Rp 1.099.000,Rp 879.200,-20%,https://www.zalora.co.id/p/converse-chuck-taylor-all-star-shoes-white-4940499,https://dynamic.zacdn.com/wwmW2RIz4ckLbjjvZHMN3UQ77L4=/0x770/filters:quality(70):format(webp)/https://static-id.zacdn.com/p/converse-4141-9940494-1.jpg,: Textile,: Textile,: Rubber,: Tali
Converse,Chuck Taylor All Star,Rp 1.099.000,Rp 934.150,-15%,https://www.zalora.co.id/p/converse-chuck-taylor-all-star-pink-white-4953968,https://dynamic.zacdn.com/IJTnrZMMz5rUiUEc03bree6Gh2k=/0x770/filters:quality(70):format(webp)/https://static-id.zacdn.com/p/converse-4678-8693594-1.jpg,: Kanvas,: Tekstil,: Rubber,: Tali
Converse,Chuck Taylor All Star Move,Rp 1.299.000,Rp 727.440,-44%,https://www.zalora.co.id/p/converse-chuck-taylor-all-star-move-black-3094396,https://dynamic.zacdn.com/m8xOh6N71OsnMqJHrTsFOHgBxBY=/0x770/filters:quality(70):format(webp)/https://static-id.zacdn.com/p/converse-4301-6934903-1.jpg,: Canvas,: Textile,: Rubber,: Tali
Converse,Chuck Taylor All Star Lift,Rp 1.299.000,Rp 1.104.150,-15%,https://www.zalora.co.id/p/converse-chuck-taylor-all-star-lift-pink-4829177,https://dynamic.zacdn.com/yN_Bl9Wad1lIV8nzdSMgUhEI97k=/0x770/filters:quality(70):format(webp)/https://static-id.zacdn.com/p/converse-2132-7719284-1.jpg,: Kanvas,: Tekstil,: Rubber,: Tali
Converse,Chuck Taylor All Star Lift,Rp 1.199.000,Rp 1.019.150,-15%,https://www.zalora.co.id/p/converse-chuck-taylor-all-star-lift-black-4953963,https://dynamic.zacdn.com/Cq0-J-ALqWx4oBA8Bx9lymiY06s=/0x770/filters:quality(70):format(webp)/https://static-id.zacdn.com/p/converse-3707-3693594-1.jpg,: Kanvas,: Tekstil,: Rubber,: Tali
Converse,Chuck Taylor 70's - Ox,Rp 1.199.000,Rp 866.278,-28%,https://www.zalora.co.id/p/converse-chuck-taylor-70-s-ox-white-2976469,https://dynamic.zacdn.com/GdRZglFSusLOpfVbd8IkZiFnJcE=/0x770/filters:quality(70):format(webp)/https://static-id.zacdn.com/p/converse-4357-9646792-1.jpg,: Canvas,: Textile,: Rubber,: Tali
Converse,Chuck Taylor All Star Canvas - Hi,Rp 899.000,Rp 575.360,-36%,https://www.zalora.co.id/p/converse-chuck-taylor-all-star-canvas-hi-navy-2528274,https://dynamic.zacdn.com/gj30ueA3GEL5xPNs9ZDqSXV1ElY=/0x770/filters:quality(70):format(webp)/https://static-id.zacdn.com/p/converse-9927-4728252-1.jpg,: Textile,: Textile,: Rubber,: Tali
Converse,Chuck Taylor All Star Lugged Heel Sneakers,Rp 1.599.000,Rp 1.231.230,-23%,https://www.zalora.co.id/p/converse-chuck-taylor-all-star-lugged-heel-sneakers-white-4585192,https://dynamic.zacdn.com/kZh923VAR4fKH9rET00xImR71SM=/0x770/filters:quality(70):format(webp)/https://static-id.zacdn.com/p/converse-9470-2915854-1.jpg,: Leather,: Textile,: Rubber,-
Converse,One Star 95 Sneakers,Rp 1.299.000,Rp 1.039.200,-20%,https://www.zalora.co.id/p/converse-one-star-95-sneakers-green-4940355,https://dynamic.zacdn.com/vzeGnKEg_6Cdo_zi0YL96Gsqusg=/0x770/filters:quality(70):format(webp)/https://static-id.zacdn.com/p/converse-2018-5530494-1.jpg,: Suede,: Textile,: Rubber,: Tali
Converse,Chuck Taylor All Star Dainty Mary Jane Flats,Rp 459.000,Rp 390.150,-15%,https://www.zalora.co.id/p/converse-chuck-taylor-all-star-dainty-mary-jane-flats-blue-4920838,https://dynamic.zacdn.com/AuQkX0d5frvWqgNUh915ac6axX8=/0x770/filters:quality(70):format(webp)/https://static-id.zacdn.com/p/converse-1402-8380294-1.jpg,: Textile,: Textile,: Rubber,-
Converse,Chuck 70 De Luxe Heeled Sneakers,Rp 1.999.000,Rp 1.699.150,-15%,https://www.zalora.co.id/p/converse-chuck-70-de-luxe-heeled-sneakers-black-4454325,https://dynamic.zacdn.com/KQpEeJzXzOmcBObccqetXVc7XHg=/0x770/filters:quality(70):format(webp)/https://static-id.zacdn.com/p/converse-6416-5234544-1.jpg,: Textile,: Textile,: Rubber,-
Converse,Chuck Taylor All Star,Rp 1.199.000,Rp 809.325,-33%,https://www.zalora.co.id/p/converse-chuck-taylor-all-star-beige-4822187,https://dynamic.zacdn.com/i4THHzvKYBxrQ4UQq1VNWne_jVA=/0x770/filters:quality(70):format(webp)/https://static-id.zacdn.com/p/converse-6209-7812284-1.jpg,: Kanvas,: Tekstil,: Rubber,: Tali
Converse,Chuck Taylor All Star,Rp 1.199.000,Rp 623.480,-48%,https://www.zalora.co.id/p/converse-chuck-taylor-all-star-purple-4692637,https://dynamic.zacdn.com/gurSpFKDLAvfAu3Lnng9F1Vwezk=/0x770/filters:quality(70):format(webp)/https://static-id.zacdn.com/p/converse-4747-7362964-1.jpg,: Kanvas,: Tekstil,: Rubber,: Tali
Converse,Chuck Taylor All Star Eva Lift,Rp 599.000,Rp 509.150,-15%,https://www.zalora.co.id/p/converse-chuck-taylor-all-star-eva-lift-pink-4953845,https://dynamic.zacdn.com/NDN0pcV_qPioh0Vzb8vOEotDMBE=/0x770/filters:quality(70):format(webp)/https://static-id.zacdn.com/p/converse-7583-5483594-1.jpg,: Kanvas,: Tekstil,: Rubber,-
Converse,Chuck Taylor All Star Lift,Rp 1.499.000,Rp 1.124.250,-25%,https://www.zalora.co.id/p/converse-chuck-taylor-all-star-lift-beige-4829176,https://dynamic.zacdn.com/6MRvY0gJFhsdIDko8TFkWAyzmTk=/0x770/filters:quality(70):format(webp)/https://static-id.zacdn.com/p/converse-2124-6719284-1.jpg,: Kanvas,: Tekstil,: Rubber,: Tali
Converse,Chuck Taylor All Star Shoreline,Rp 799.000,Rp 543.320,-32%,https://www.zalora.co.id/p/converse-chuck-taylor-all-star-shoreline-black-1588859,https://dynamic.zacdn.com/0xksgEBB9pm9xs8D88QA5lRlS4k=/0x770/filters:quality(70):format(webp)/https://static-id.zacdn.com/p/converse-2165-9588851-1.jpg,: Canvas,: Textile,: Rubber,: Tali
Converse,Star Player 76 Sneakers,Rp 1.299.000,Rp 1.039.200,-20%,https://www.zalora.co.id/p/converse-star-player-76-sneakers-white-4940354,https://dynamic.zacdn.com/Z061gm8PJAGo9tIsqfcfy798dE4=/0x770/filters:quality(70):format(webp)/https://static-id.zacdn.com/p/converse-9342-4530494-1.jpg,: Suede,: Textile,: Rubber,: Tali
Converse,Chuck Taylor All Star Lift,Rp 1.299.000,Rp 1.104.150,-15%,https://www.zalora.co.id/p/converse-chuck-taylor-all-star-lift-purple-4692635,https://dynamic.zacdn.com/tM6DCP2C9WJY5jRJdImH3ytHRBk=/0x770/filters:quality(70):format(webp)/https://static-id.zacdn.com/p/converse-4847-5362964-1.jpg,: Tekstil,: Tekstil,: Rubber,: Tali
Converse,Chuck Taylor All Star Lift,Rp 1.299.000,Rp 1.104.150,-15%,https://www.zalora.co.id/p/converse-chuck-taylor-all-star-lift-beige-white-4953967,https://dynamic.zacdn.com/_PXPyIw6keVQzb3-QiNfvA6NHQc=/0x770/filters:quality(70):format(webp)/https://static-id.zacdn.com/p/converse-7842-7693594-1.jpg,: Kanvas,: Tekstil,: Rubber,: Tali
Converse,Chuck Taylor All Star Lift,Rp 1.299.000,Rp 876.825,-33%,https://www.zalora.co.id/p/converse-chuck-taylor-all-star-lift-pink-4822192,https://dynamic.zacdn.com/pE8TOcJFEEP9BCUH79rkx0Psspw=/0x770/filters:quality(70):format(webp)/https://static-id.zacdn.com/p/converse-7264-2912284-1.jpg,: Kanvas,: Tekstil,: Rubber,: Tali
Converse,Chuck Taylor All Star,Rp 1.299.000,Rp 623.520,-52%,https://www.zalora.co.id/p/converse-chuck-taylor-all-star-purple-4700438,https://dynamic.zacdn.com/zBKPF0PY5Ds-X1gq9osLj-Ezg2Y=/0x770/filters:quality(70):format(webp)/https://static-id.zacdn.com/p/converse-4348-8340074-1.jpg,: Kanvas,: Tekstil,: Rubber,: Tali
Converse,Chuck Taylor All Star Lift Shoes,Rp 1.299.000,Rp 1.039.200,-20%,https://www.zalora.co.id/p/converse-chuck-taylor-all-star-lift-shoes-beige-4940501,https://dynamic.zacdn.com/HPP-1NSxjC-vmj1Iu3P31yPVw-s=/0x770/filters:quality(70):format(webp)/https://static-id.zacdn.com/p/converse-4351-1050494-1.jpg,: Textile,: Textile,: Rubber,: Tali
Converse,Chuck Taylor All Star,Rp 1.099.000,Rp 934.150,-15%,https://www.zalora.co.id/p/converse-chuck-taylor-all-star-black-4829163,https://dynamic.zacdn.com/hYccoXoxM9064sEnyNeGC1HejeA=/0x770/filters:quality(70):format(webp)/https://static-id.zacdn.com/p/converse-2127-3619284-1.jpg,: Kanvas,: Tekstil,: Rubber,: Tali
Converse,Chuck Taylor All Star Lift,Rp 1.299.000,Rp 1.104.150,-15%,https://www.zalora.co.id/p/converse-chuck-taylor-all-star-lift-black-4829164,https://dynamic.zacdn.com/AGVyw9ln3_W0KQ5CtFYiL-O18e8=/0x770/filters:quality(70):format(webp)/https://static-id.zacdn.com/p/converse-0044-4619284-1.jpg,: Kanvas,: Tekstil,: Rubber,: Tali
Converse,Chuck Taylor All Star,Rp 1.299.000,Rp 900.207,-31%,https://www.zalora.co.id/p/converse-chuck-taylor-all-star-black-4829174,https://dynamic.zacdn.com/BXAvukhs9vMyCFB_hDDE4Wa7bt0=/0x770/filters:quality(70):format(webp)/https://static-id.zacdn.com/p/converse-2135-4719284-1.jpg,: Kanvas,: Tekstil,: Rubber,: Tali
Converse,Chuck Taylor All Star Move,Rp 1.499.000,Rp 1.038.807,-31%,https://www.zalora.co.id/p/converse-chuck-taylor-all-star-move-blue-4828824,https://dynamic.zacdn.com/zaaL_ONn1-IJ-Gk2pSU4jM8kHuY=/0x770/filters:quality(70):format(webp)/https://static-id.zacdn.com/p/converse-3652-4288284-1.jpg,: Kanvas,: Tekstil,: Rubber,: Tali
Converse,Chuck Taylor All Star Lift,Rp 1.599.000,Rp 1.079.325,-33%,https://www.zalora.co.id/p/converse-chuck-taylor-all-star-lift-beige-4839223,https://dynamic.zacdn.com/tVkhdpcvumB382L-V6avidQ9h7s=/0x770/filters:quality(70):format(webp)/https://static-id.zacdn.com/p/converse-1541-3229384-1.jpg,: Tekstil,: Tekstil,: Rubber,: Tali
Converse,Chuck Taylor All Star Lift - Ox,Rp 1.199.000,Rp 815.320,-32%,https://www.zalora.co.id/p/converse-chuck-taylor-all-star-lift-ox-white-4514605,https://dynamic.zacdn.com/ImzT8lsjlQCSZ7UTHKzDoGUp-Gc=/0x770/filters:quality(70):format(webp)/https://static-id.zacdn.com/p/converse-2126-5064154-1.jpg,: Canvas,: Textile,: Rubber,: Tali
Converse,Chuck Taylor All Star Lift - Hi,Rp 1.299.000,Rp 883.320,-32%,https://www.zalora.co.id/p/converse-chuck-taylor-all-star-lift-hi-black-4514606,https://dynamic.zacdn.com/oAq3fFfBDtpFK7mA41AnMw4j5dg=/0x770/filters:quality(70):format(webp)/https://static-id.zacdn.com/p/converse-9271-6064154-1.jpg,: Canvas,: Textile,: Rubber,: Tali
Converse,Star Player 76 Sneakers,Rp 1.299.000,Rp 1.039.200,-20%,https://www.zalora.co.id/p/converse-star-player-76-sneakers-brown-4940357,https://dynamic.zacdn.com/ALsstPdNKEJA22d2nSJWpj-qFa0=/0x770/filters:quality(70):format(webp)/https://static-id.zacdn.com/p/converse-2015-7530494-1.jpg,: Suede,: Textile,: Rubber,: Tali
Converse,Chuck Taylor Lugged Heel Mary Jane,Rp 1.599.000,Rp 1.359.150,-15%,https://www.zalora.co.id/p/converse-chuck-taylor-lugged-heel-mary-jane-black-4822173,https://dynamic.zacdn.com/FvPGSqVuQnAxMDoCAUacW0oxHyU=/0x770/filters:quality(70):format(webp)/https://static-id.zacdn.com/p/converse-5178-3712284-1.jpg,: Leather,: Tekstil,: Rubber,: Buckle / Bow
Converse,Chuck Taylor All Star Loafers,Rp 1.199.000,Rp 1.019.150,-15%,https://www.zalora.co.id/p/converse-chuck-taylor-all-star-loafers-multi-4919737,https://dynamic.zacdn.com/kKgvy1rSAkD0qM7lGGkeN20QBVg=/0x770/filters:quality(70):format(webp)/https://static-id.zacdn.com/p/converse-6806-7379194-1.jpg,: Suede,: Textile,: Rubber,: Slip On
Converse,Chuck Taylor All Star Lift,Rp 1.199.000,Rp 1.019.150,-15%,https://www.zalora.co.id/p/converse-chuck-taylor-all-star-lift-black-4953966,https://dynamic.zacdn.com/Qm6v-_5PEw_kSSbI7A43nlilm4U=/0x770/filters:quality(70):format(webp)/https://static-id.zacdn.com/p/converse-4669-6693594-1.jpg,: Kanvas,: Tekstil,: Rubber,: Tali
Converse,Chuck Taylor All Star Lift Shoes,Rp 1.199.000,Rp 959.200,-20%,https://www.zalora.co.id/p/converse-chuck-taylor-all-star-lift-shoes-grey-4940498,https://dynamic.zacdn.com/StrzgvsI8kN-rOFuRKBUsbYQuEM=/0x770/filters:quality(70):format(webp)/https://static-id.zacdn.com/p/converse-4654-8940494-1.jpg,: Textile,: Textile,: Rubber,: Tali
Converse,Chuck Taylor All Star Lift,Rp 1.199.000,Rp 809.325,-33%,https://www.zalora.co.id/p/converse-chuck-taylor-all-star-lift-navy-4814270,https://dynamic.zacdn.com/CNrDNrfhWKWVI_luZRbpwqTtr_w=/0x770/filters:quality(70):format(webp)/https://static-id.zacdn.com/p/converse-8356-0724184-1.jpg,: Kanvas,: Tekstil,: Rubber,: Tali
Converse,Chuck Taylor All Star Sneakers,Rp 499.000,Rp 424.150,-15%,https://www.zalora.co.id/p/converse-chuck-taylor-all-star-sneakers-white-4920179,https://dynamic.zacdn.com/yQXHipWDysM_PfgZlUuO35rkdxE=/0x770/filters:quality(70):format(webp)/https://static-id.zacdn.com/p/converse-7864-9710294-1.jpg,: Textile,: Textile,: Rubber,-
Converse,Chuck 70 Shoes,Rp 1.199.000,Rp 959.200,-20%,https://www.zalora.co.id/p/converse-chuck-70-shoes-grey-4940495,https://dynamic.zacdn.com/Vvj0Y8jy7v5duD7ojPX99p_wM24=/0x770/filters:quality(70):format(webp)/https://static-id.zacdn.com/p/converse-4016-5940494-1.jpg,: Textile,: Textile,: Rubber,: Tali
Converse,Chuck Taylor All Star Lift Double Stack Shoes,Rp 1.299.000,Rp 1.039.200,-20%,https://www.zalora.co.id/p/converse-chuck-taylor-all-star-lift-double-stack-shoes-black-4940502,https://dynamic.zacdn.com/gfgwTGRgI1HY63P9hGXovPKiPMI=/0x770/filters:quality(70):format(webp)/https://static-id.zacdn.com/p/converse-3933-2050494-1.jpg,: Canvas,: Textile,: Rubber,: Tali
Converse,Chuck Taylor All Star Lift Double Stack Shoes,Rp 1.199.000,Rp 959.200,-20%,https://www.zalora.co.id/p/converse-chuck-taylor-all-star-lift-double-stack-shoes-white-4940604,https://dynamic.zacdn.com/0EUi34VEekSrmqLiKlmBsy-VTbo=/0x770/filters:quality(70):format(webp)/https://static-id.zacdn.com/p/converse-4888-4060494-1.jpg,: Canvas,: Textile,: Rubber,: Tali
Converse,Chuck Taylor All Star Shoes,Rp 1.199.000,Rp 959.200,-20%,https://www.zalora.co.id/p/converse-chuck-taylor-all-star-shoes-black-4940500,https://dynamic.zacdn.com/uChvaCDeOCujKlJBFm7NagoEgFo=/0x770/filters:quality(70):format(webp)/https://static-id.zacdn.com/p/converse-7321-0050494-1.jpg,: Textile,: Textile,: Rubber,: Tali
Converse,Chuck Taylor All Star Lift Double Stack Shoes,Rp 1.199.000,Rp 959.200,-20%,https://www.zalora.co.id/p/converse-chuck-taylor-all-star-lift-double-stack-shoes-multi-4919738,https://dynamic.zacdn.com/lrddE1yzVsxi6NaXBDk-SgJug4w=/0x770/filters:quality(70):format(webp)/https://static-id.zacdn.com/p/converse-3113-8379194-1.jpg,: Canvas,: Textile,: Rubber,: Tali
Converse,Chuck Taylor All Star Lift,Rp 1.299.000,Rp 900.207,-31%,https://www.zalora.co.id/p/converse-chuck-taylor-all-star-lift-beige-4814271,https://dynamic.zacdn.com/xdJQUmGu5TfGKFG3TGIb7bD1dho=/0x770/filters:quality(70):format(webp)/https://static-id.zacdn.com/p/converse-9830-1724184-1.jpg,: Kanvas,: Tekstil,: Rubber,: Tali
Converse,Chuck Taylor All Star Madison,Rp 899.000,Rp 764.150,-15%,https://www.zalora.co.id/p/converse-chuck-taylor-all-star-madison-navy-4953886,https://dynamic.zacdn.com/w_4WlE-ma7VoGFGxyMo1CK-7o7I=/0x770/filters:quality(70):format(webp)/https://static-id.zacdn.com/p/converse-5654-6883594-1.jpg,-,: Tekstil,: Rubber,: Tali
Converse,Chuck Taylor All Star Lift,Rp 1.299.000,Rp 519.600,-60%,https://www.zalora.co.id/p/converse-chuck-taylor-all-star-lift-brown-4692632,https://dynamic.zacdn.com/TvIg6kp3MK957v0wsky8HGJEQiQ=/0x770/filters:quality(70):format(webp)/https://static-id.zacdn.com/p/converse-4263-2362964-1.jpg,: Kanvas,: Tekstil,: Rubber,: Tali
Converse,Chuck Taylor All Star Lift,Rp 1.199.000,Rp 1.019.150,-15%,https://www.zalora.co.id/p/converse-chuck-taylor-all-star-lift-white-4829165,https://dynamic.zacdn.com/ANt1mRBh_IaWZhBIdZB-Mv0FIwA=/0x770/filters:quality(70):format(webp)/https://static-id.zacdn.com/p/converse-2167-5619284-1.jpg,: Kanvas,: Tekstil,: Rubber,: Tali
Converse,Chuck Taylor All Star - Hi,Rp 1.299.000,Rp 883.320,-32%,https://www.zalora.co.id/p/converse-chuck-taylor-all-star-hi-black-3093423,https://dynamic.zacdn.com/Qc5o_omVBH0v3dDTGGpYxbPbp1I=/0x770/filters:quality(70):format(webp)/https://static-id.zacdn.com/p/converse-4461-3243903-1.jpg,: Leather,: Textile,: Rubber,: Tali
Converse,Chuck Taylor All Star Lift Double Stack Shoes,Rp 1.299.000,Rp 1.039.200,-20%,https://www.zalora.co.id/p/converse-chuck-taylor-all-star-lift-double-stack-shoes-white-4940497,https://dynamic.zacdn.com/gQjzp_qTA3R3Wb1cmFPBRnEiwoM=/0x770/filters:quality(70):format(webp)/https://static-id.zacdn.com/p/converse-4344-7940494-1.jpg,: Canvas,: Textile,: Rubber,: Tali
Converse,Chuck Taylor All Star Lift Double Stack Shoes,Rp 1.199.000,Rp 959.200,-20%,https://www.zalora.co.id/p/converse-chuck-taylor-all-star-lift-double-stack-shoes-black-4940603,https://dynamic.zacdn.com/HJ15_sKWktHus3m-U-Br7rupl50=/0x770/filters:quality(70):format(webp)/https://static-id.zacdn.com/p/converse-4026-3060494-1.jpg,: Canvas,: Textile,: Rubber,: Tali
Converse,Chuck Taylor All Star Lift Double Stack Shoes,Rp 1.299.000,Rp 1.039.200,-20%,https://www.zalora.co.id/p/converse-chuck-taylor-all-star-lift-double-stack-shoes-purple-4940605,https://dynamic.zacdn.com/_LUBo8QWLU9ps2Qe4jsaD_fW82M=/0x770/filters:quality(70):format(webp)/https://static-id.zacdn.com/p/converse-4144-5060494-1.jpg,: Canvas,: Textile,: Rubber,: Tali
Converse,Chuck Taylor All Star - Hi,Rp 559.000,Rp 380.120,-32%,https://www.zalora.co.id/p/converse-chuck-taylor-all-star-hi-black-2309901,https://dynamic.zacdn.com/DPRWiEVUMqFZt_LOvkYZY-7jin4=/0x770/filters:quality(70):format(webp)/https://static-id.zacdn.com/p/converse-1779-1099032-1.jpg,: Canvas,: Textile,: Rubber,-
Converse,Chuck Taylor All Star,Rp 1.199.000,Rp 899.250,-25%,https://www.zalora.co.id/p/converse-chuck-taylor-all-star-beige-4838990,https://dynamic.zacdn.com/xdh5CxvPUmD45mpKQl-IxoXka24=/0x770/filters:quality(70):format(webp)/https://static-id.zacdn.com/p/converse-1995-0998384-1.jpg,: Kanvas,: Tekstil,: Rubber,: Tali
Converse,Chuck Taylor All Star Dainty Mary Jane,Rp 499.000,Rp 399.200,-20%,https://www.zalora.co.id/p/converse-chuck-taylor-all-star-dainty-mary-jane-white-4920840,https://dynamic.zacdn.com/WSW5c3SsHFA0Xn7uIyYVBKK3zDQ=/0x770/filters:quality(70):format(webp)/https://static-id.zacdn.com/p/converse-1661-0480294-1.jpg,: Textile,: Textile,: Rubber,-
Converse,One Star 95 Sneakers,Rp 1.299.000,Rp 1.104.150,-15%,https://www.zalora.co.id/p/converse-one-star-95-sneakers-black-4940358,https://dynamic.zacdn.com/Jlb7A3oeac_gFm16oWQn9NMEnfE=/0x770/filters:quality(70):format(webp)/https://static-id.zacdn.com/p/converse-2579-8530494-1.jpg,: Suede,: Textile,: Rubber,: Tali
Converse,Chuck Taylor All Star Shoreline,Rp 799.000,Rp 543.320,-32%,https://www.zalora.co.id/p/converse-chuck-taylor-all-star-shoreline-white-1588858,https://dynamic.zacdn.com/OqEZ_hNCTqV9W6tNSCeGCEa8Eo4=/0x770/filters:quality(70):format(webp)/https://static-id.zacdn.com/p/converse-2243-8588851-1.jpg,: Canvas,: Textile,: Rubber,: Tali
Converse,Chuck Taylor All Star Malden Street 1V Sneakers,Rp 559.000,Rp 475.150,-15%,https://www.zalora.co.id/p/converse-chuck-taylor-all-star-malden-street-1v-sneakers-black-4920177,https://dynamic.zacdn.com/JDZpRm6yntzgwRnc26r2jWlFRuQ=/0x770/filters:quality(70):format(webp)/https://static-id.zacdn.com/p/converse-7533-7710294-1.jpg,: Textile,: Textile,: Rubber,-
Converse,Chuck Taylor All Star - Ox,Rp 499.000,Rp 339.320,-32%,https://www.zalora.co.id/p/converse-chuck-taylor-all-star-ox-black-2364364,https://dynamic.zacdn.com/Poq21BjNR24m_eIH6-GqDfvTphQ=/0x770/filters:quality(70):format(webp)/https://static-id.zacdn.com/p/converse-9662-4634632-1.jpg,: Canvas,: Textile,: Rubber,-
Converse,Casual Sneakers,Rp 499.000,Rp 399.200,-20%,https://www.zalora.co.id/p/converse-casual-sneakers-white-4940350,https://dynamic.zacdn.com/ibH1JWbmKlJ6M3noVeAnckXP4Oo=/0x770/filters:quality(70):format(webp)/https://static-id.zacdn.com/p/converse-2111-0530494-1.jpg,: Synthetic,: Textile,: Rubber,-
Converse,Chuck Taylor All Star 1V,Rp 659.000,Rp 560.150,-15%,https://www.zalora.co.id/p/converse-chuck-taylor-all-star-1v-white-4954424,https://dynamic.zacdn.com/vs12rP4zuPFz0ZTu9xwQ3SGhxfw=/0x770/filters:quality(70):format(webp)/https://static-id.zacdn.com/p/converse-0018-4244594-1.jpg,: Kanvas,: Tekstil,: Rubber,-
Converse,Chuck Taylor All Star Ultra,Rp 599.000,Rp 509.150,-15%,https://www.zalora.co.id/p/converse-chuck-taylor-all-star-ultra-black-4953961,https://dynamic.zacdn.com/Z-1tG0nHN4b5WWzFKQqZisezEJ0=/0x770/filters:quality(70):format(webp)/https://static-id.zacdn.com/p/converse-7966-1693594-1.jpg,: Kanvas,: Tekstil,: Rubber,-
Converse,Chuck Taylor All Star One Strap Sneakers,Rp 459.000,Rp 390.150,-15%,https://www.zalora.co.id/p/converse-chuck-taylor-all-star-one-strap-sneakers-white-4920839,https://dynamic.zacdn.com/5jkdl4hCjNneaxwPGoJVeN3IK6o=/0x770/filters:quality(70):format(webp)/https://static-id.zacdn.com/p/converse-1995-9380294-1.jpg,": Textile, Synthetic",: Textile,: Rubber,-
Converse,Chuck Taylor All Star Lift,Rp 1.299.000,Rp 876.825,-33%,https://www.zalora.co.id/p/converse-chuck-taylor-all-star-lift-grey-4700448,https://dynamic.zacdn.com/0-emosHCsTS7b3Oz56PDHwY0DKo=/0x770/filters:quality(70):format(webp)/https://static-id.zacdn.com/p/converse-7576-8440074-1.jpg,: Suede,: Tekstil,: Rubber,: Tali
Converse,Chuck Taylor All Star 1V,Rp 559.000,Rp 419.250,-25%,https://www.zalora.co.id/p/converse-chuck-taylor-all-star-1v-white-4822191,https://dynamic.zacdn.com/8cWsrsi6Ii9s-_AcLPHU-oLvlP8=/0x770/filters:quality(70):format(webp)/https://static-id.zacdn.com/p/converse-6201-1912284-1.jpg,: Kanvas,: Tekstil,: Rubber,-
Converse,Chuck Taylor All Star Axel Sneakers,Rp 599.000,Rp 479.200,-20%,https://www.zalora.co.id/p/converse-chuck-taylor-all-star-axel-sneakers-black-4920178,https://dynamic.zacdn.com/8kWxHM4grjX_tLzHGsZy-F2ODh8=/0x770/filters:quality(70):format(webp)/https://static-id.zacdn.com/p/converse-2512-8710294-1.jpg,: Leather,: Textile,: Rubber,-
Converse,Chuck Taylor All Star Lift,Rp 1.499.000,Rp 828.198,-45%,https://www.zalora.co.id/p/converse-chuck-taylor-all-star-lift-black-4700456,https://dynamic.zacdn.com/4vSn-n0EsWa0QUw5N_CSbrfErRs=/0x770/filters:quality(70):format(webp)/https://static-id.zacdn.com/p/converse-2653-6540074-1.jpg,: Tekstil,: Tekstil,: Rubber,: Tali
Converse,Chuck Taylor All Star Dainty Mary Jane,Rp 459.000,Rp 344.250,-25%,https://www.zalora.co.id/p/converse-chuck-taylor-all-star-dainty-mary-jane-black-4822188,https://dynamic.zacdn.com/5vvxsAd2EN_nvIoXQokEVKB8sIw=/0x770/filters:quality(70):format(webp)/https://static-id.zacdn.com/p/converse-2467-8812284-1.jpg,: Kanvas,: Tekstil,: Rubber,-
Converse,Pro Blaze Classic Ox Sneakers,Rp 1.599.000,,,https://www.zalora.co.id/p/converse-pro-blaze-classic-ox-sneakers-beige-4809201,https://dynamic.zacdn.com/IUMPiQj3ekFYugdz-xpaZuNgSsM=/0x770/filters:quality(70):format(webp)/https://static-id.zacdn.com/p/converse-8829-1029084-1.jpg,": Leather, Faux Leather and Suede",: Textile,: Rubber,: Tali
Converse,Chuck Taylor Lugged Heel MJ Ox Sneakers,Rp 1.799.000,,,https://www.zalora.co.id/p/converse-chuck-taylor-lugged-heel-mj-ox-sneakers-beige-4809226,https://dynamic.zacdn.com/_mqPtbyYPDcMohcvIct-xeSC8Vg=/0x770/filters:quality(70):format(webp)/https://static-id.zacdn.com/p/converse-8096-6229084-1.jpg,: Leather,: Textile,: Rubber,: Buckle / Bow
Converse,Chuck Taylor All Star Lift - Ox,Rp 1.199.000,Rp 815.320,-32%,https://www.zalora.co.id/p/converse-chuck-taylor-all-star-lift-ox-black-4514603,https://dynamic.zacdn.com/G_wuVcoH7ciRjuydIH0Fx8UPOsg=/0x770/filters:quality(70):format(webp)/https://static-id.zacdn.com/p/converse-9631-3064154-1.jpg,: Canvas,: Textile,: Rubber,: Tali
Converse,Run Star Trainer Ox Sneakers,Rp 1.390.000,,,https://www.zalora.co.id/p/converse-run-star-trainer-ox-sneakers-pink-4809221,https://dynamic.zacdn.com/WCLnct2SyRpuGrbhXazbJYmbK_4=/0x770/filters:quality(70):format(webp)/https://static-id.zacdn.com/p/converse-8855-1229084-1.jpg,: Suede,: Textile,: Rubber,: Tali
Converse,Chuck Taylor All Star Lift,Rp 1.499.000,Rp 719.520,-52%,https://www.zalora.co.id/p/converse-chuck-taylor-all-star-lift-purple-4700446,https://dynamic.zacdn.com/hr_lfCmSjK6hwuefNnC1TQ88eoQ=/0x770/filters:quality(70):format(webp)/https://static-id.zacdn.com/p/converse-8303-6440074-1.jpg,: Tekstil,: Tekstil,: Rubber,: Tali
Converse,Chuck 70 Hi Sneakers,Rp 1.599.000,,,https://www.zalora.co.id/p/converse-chuck-70-hi-sneakers-blue-4809208,https://dynamic.zacdn.com/_IW0ZlRV6vySly2lu8TtWjDrOXk=/0x770/filters:quality(70):format(webp)/https://static-id.zacdn.com/p/converse-6458-8029084-1.jpg,: Canvas,: Textile,: Rubber,: Tali
Converse,Chuck 70 Summer Sneakers,Rp 1.499.000,,,https://www.zalora.co.id/p/converse-chuck-70-summer-sneakers-pink-4500707,https://dynamic.zacdn.com/4Kc6ZyInmqWhpOkpq-98_zXSz-4=/0x770/filters:quality(70):format(webp)/https://static-id.zacdn.com/p/converse-6735-7070054-1.jpg,: Canvas,: Textile,: Rubber,: Tali
Converse,Chuck 70 Ox Sneakers,Rp 1.390.000,,,https://www.zalora.co.id/p/converse-chuck-70-ox-sneakers-blue-4809232,https://dynamic.zacdn.com/pVjSoe5eclx2SFUCSke41i7KttE=/0x770/filters:quality(70):format(webp)/https://static-id.zacdn.com/p/converse-8832-2329084-1.jpg,: Canvas,: Textile,: Rubber,: Tali
Converse,Weapon Ox Sneakers,Rp 1.999.000,,,https://www.zalora.co.id/p/converse-weapon-ox-sneakers-brown-4568235,https://dynamic.zacdn.com/LiIXK2xEbHRvYVy9hXPiCzGM24s=/0x770/filters:quality(70):format(webp)/https://static-id.zacdn.com/p/converse-0019-5328654-1.jpg,: Leather,: Tekstil,: Rubber,: Tali
Converse,Chuck Taylor All Star,Rp 1.099.000,Rp 560.490,-49%,https://www.zalora.co.id/p/converse-chuck-taylor-all-star-black-4700436,https://dynamic.zacdn.com/WZnAOdOyCYNDr1wEUVL7iI-XBJw=/0x770/filters:quality(70):format(webp)/https://static-id.zacdn.com/p/converse-4831-6340074-1.jpg,: Kanvas,: Tekstil,: Rubber,: Tali
Converse,Chuck Taylor All Star Eva Lift,Rp 759.000,Rp 645.150,-15%,https://www.zalora.co.id/p/converse-chuck-taylor-all-star-eva-lift-white-4838993,https://dynamic.zacdn.com/yFYxoNjrZduGFkGUny4iSAFuzZM=/0x770/filters:quality(70):format(webp)/https://static-id.zacdn.com/p/converse-1918-3998384-1.jpg,: Tekstil,: Tekstil,: Rubber,-
Converse,Chuck Taylor All Star,Rp 1.099.000,Rp 607.198,-45%,https://www.zalora.co.id/p/converse-chuck-taylor-all-star-grey-4692636,https://dynamic.zacdn.com/UzpSmjgBvwOAUehCvxWwHT2qGE0=/0x770/filters:quality(70):format(webp)/https://static-id.zacdn.com/p/converse-1434-6362964-1.jpg,: Kanvas,: Tekstil,: Rubber,: Tali
Converse,Chuck Taylor All Star,Rp 999.000,Rp 749.250,-25%,https://www.zalora.co.id/p/converse-chuck-taylor-all-star-black-4814247,https://dynamic.zacdn.com/7WEC17eX760DFVYRY7qtyyaOrXI=/0x770/filters:quality(70):format(webp)/https://static-id.zacdn.com/p/converse-0245-7424184-1.jpg,: Kanvas,: Tekstil,: Rubber,: Tali
Converse,Omega Trainer Shoes,Rp 999.000,Rp 849.150,-15%,https://www.zalora.co.id/p/converse-omega-trainer-shoes-pink-4940351,https://dynamic.zacdn.com/jPUQQd3RIwczM1bZPoCYJWyBuhg=/0x770/filters:quality(70):format(webp)/https://static-id.zacdn.com/p/converse-7797-1530494-1.jpg,": Canvas, Suede, Leather",: Textile,: Rubber,: Tali
Converse,Chuck Taylor All Star,Rp 899.000,Rp 692.230,-23%,https://www.zalora.co.id/p/converse-chuck-taylor-all-star-black-4814248,https://dynamic.zacdn.com/OVayiLxprceULWWOrF_nBtlbIUc=/0x770/filters:quality(70):format(webp)/https://static-id.zacdn.com/p/converse-7580-8424184-1.jpg,: Kanvas,: Tekstil,: Rubber,: Tali
Converse,Chuck Taylor All Star,Rp 1.199.000,Rp 1.019.150,-15%,https://www.zalora.co.id/p/converse-chuck-taylor-all-star-red-4953965,https://dynamic.zacdn.com/qM46aJyDPzdNiO3IcK4jC-bumRo=/0x770/filters:quality(70):format(webp)/https://static-id.zacdn.com/p/converse-3043-5693594-1.jpg,: Kanvas,: Tekstil,: Rubber,: Tali
Converse,Chuck Taylor All Star,Rp 1.099.000,Rp 846.230,-23%,https://www.zalora.co.id/p/converse-chuck-taylor-all-star-beige-4829154,https://dynamic.zacdn.com/B1g88yCl4AK2wesVXrhk8ny3hkg=/0x770/filters:quality(70):format(webp)/https://static-id.zacdn.com/p/converse-9803-4519284-1.jpg,: Leather,: Tekstil,: Rubber,: Tali
Converse,Chuck Taylor All Star 1V,Rp 659.000,Rp 560.150,-15%,https://www.zalora.co.id/p/converse-chuck-taylor-all-star-1v-black-4954423,https://dynamic.zacdn.com/dss3rpGscFW-kZyVk38GBtkSc7E=/0x770/filters:quality(70):format(webp)/https://static-id.zacdn.com/p/converse-1176-3244594-1.jpg,: Kanvas,: Tekstil,: Rubber,-
Converse,Chuck Taylor All Star Lift,Rp 1.499.000,Rp 764.490,-49%,https://www.zalora.co.id/p/converse-chuck-taylor-all-star-lift-pink-4700455,https://dynamic.zacdn.com/wgwxVnfewSULv2awgMqib10tHbE=/0x770/filters:quality(70):format(webp)/https://static-id.zacdn.com/p/converse-8770-5540074-1.jpg,: Tekstil,: Tekstil,: Rubber,: Tali
Converse,Chuck 70 De Luxe Wedge Sneakers,Rp 1.999.000,Rp 799.600,-60%,https://www.zalora.co.id/p/converse-chuck-70-de-luxe-wedge-sneakers-purple-4514100,https://dynamic.zacdn.com/tMsY3JcByTbcde0dJlxOLzrA4p4=/0x770/filters:quality(70):format(webp)/https://static-id.zacdn.com/p/converse-3003-0014154-1.jpg,: Canvas,: Textile,: Rubber,: Tali
Converse,As-1 Pro Shoes,Rp 1.599.000,Rp 703.560,-56%,https://www.zalora.co.id/p/converse-as-1-pro-shoes-white-4585182,https://dynamic.zacdn.com/0OffEMQtFKDt6ypA97bfS2eWUa4=/0x770/filters:quality(70):format(webp)/https://static-id.zacdn.com/p/converse-6305-2815854-1.jpg,: Leather,: Textile,: Rubber,: Tali
Converse,Chuck 70 Sneakers,Rp 1.199.000,Rp 431.640,-64%,https://www.zalora.co.id/p/converse-chuck-70-sneakers-pink-4484021,https://dynamic.zacdn.com/A5qZDY4DKWEKuKVcPwW3GOC5HWY=/0x770/filters:quality(70):format(webp)/https://static-id.zacdn.com/p/converse-1711-1204844-1.jpg,: Canvas,: Textile,: Rubber,: Tali
Converse,As-1 Pro Shoes,Rp 1.599.000,Rp 703.560,-56%,https://www.zalora.co.id/p/converse-as-1-pro-shoes-purple-4585181,https://dynamic.zacdn.com/8q8PjUgknaOXgB38B-VJtRyaltQ=/0x770/filters:quality(70):format(webp)/https://static-id.zacdn.com/p/converse-4720-1815854-1.jpg,: Suede,: Textile,: Rubber,: Tali
Converse,Chuck 70 Ox Sneakers,Rp 1.390.000,,,https://www.zalora.co.id/p/converse-chuck-70-ox-sneakers-blue-4809245,https://dynamic.zacdn.com/a6ZCq8foac0yFpaSFb1MFbVR32Q=/0x770/filters:quality(70):format(webp)/https://static-id.zacdn.com/p/converse-8817-5429084-1.jpg,: Canvas,: Textile,: Rubber,: Tali
Converse,Chuck 70 Ox Sneakers,Rp 1.390.000,,,https://www.zalora.co.id/p/converse-chuck-70-ox-sneakers-grey-4809211,https://dynamic.zacdn.com/l5QiDWSzyLT6hPOrzbCkaLRsN84=/0x770/filters:quality(70):format(webp)/https://static-id.zacdn.com/p/converse-8861-1129084-1.jpg,: Canvas,: Textile,: Rubber,: Tali
Converse,Chuck Taylor All Star Hi Sneakers,Rp 1.199.000,,,https://www.zalora.co.id/p/converse-chuck-taylor-all-star-hi-sneakers-black-4809200,https://dynamic.zacdn.com/BO4rHVrwYnCK-wWT_ZjEWDMjU20=/0x770/filters:quality(70):format(webp)/https://static-id.zacdn.com/p/converse-8844-0029084-1.jpg,: Canvas,: Textile,: Rubber,: Tali
Converse,Chuck 70 Ox Sneakers,Rp 1.390.000,,,https://www.zalora.co.id/p/converse-chuck-70-ox-sneakers-blue-4809244,https://dynamic.zacdn.com/VIamrvTiVkjabPEIiTExAyeVXKw=/0x770/filters:quality(70):format(webp)/https://static-id.zacdn.com/p/converse-8847-4429084-1.jpg,: Canvas,: Textile,: Rubber,: Tali
Converse,Run Star Hike Sneakers,Rp 1.599.000,Rp 703.560,-56%,https://www.zalora.co.id/p/converse-run-star-hike-sneakers-black-4499561,https://dynamic.zacdn.com/mAbs7XITKPV9jGIqrK-q5wEuXsw=/0x770/filters:quality(70):format(webp)/https://static-id.zacdn.com/p/converse-6216-1659944-1.jpg,: Canvas,: Textile,: Rubber,: Tali
Converse,Chuck 70 Hi Sneakers,Rp 1.599.000,,,https://www.zalora.co.id/p/converse-chuck-70-hi-sneakers-grey-4809193,https://dynamic.zacdn.com/7a5Ed0vxAS6eMZCwxiq7qUb5jcw=/0x770/filters:quality(70):format(webp)/https://static-id.zacdn.com/p/converse-8850-3919084-1.jpg,: Canvas,: Textile,: Rubber,: Tali
Converse,Chuck Taylor All Star Wedge,Rp 1.599.000,Rp 1.108.107,-31%,https://www.zalora.co.id/p/converse-chuck-taylor-all-star-wedge-red-4838991,https://dynamic.zacdn.com/o-mrpOXN28ySKlMoudaibHX70B0=/0x770/filters:quality(70):format(webp)/https://static-id.zacdn.com/p/converse-1527-1998384-1.jpg,: Kanvas,: Tekstil,: Rubber,: Tali
Converse,Chuck Taylor All Star Dainty Mary Jane,Rp 499.000,Rp 374.250,-25%,https://www.zalora.co.id/p/converse-chuck-taylor-all-star-dainty-mary-jane-red-4822190,https://dynamic.zacdn.com/qqY3sKVjlUqnWg9dxol-b9WzbAw=/0x770/filters:quality(70):format(webp)/https://static-id.zacdn.com/p/converse-7267-0912284-1.jpg,: Kanvas,: Tekstil,: Rubber,-
Converse,Run Star Legacy CX Hi Sneakers,Rp 1.599.000,Rp 639.600,-60%,https://www.zalora.co.id/p/converse-run-star-legacy-cx-hi-sneakers-black-4365669,https://dynamic.zacdn.com/QRIGRk89mmurl_SZsTFqfU-yMtQ=/0x770/filters:quality(70):format(webp)/https://static-id.zacdn.com/p/converse-3379-9665634-1.jpg,: Canvas,: Textile,: Rubber,: Tali
Converse,Run Star Trainer Shoes,Rp 1.199.000,Rp 1.019.150,-15%,https://www.zalora.co.id/p/converse-run-star-trainer-shoes-black-4580523,https://dynamic.zacdn.com/A_gk2SFsiTUKrUYx1sMelbDr6_w=/0x770/filters:quality(70):format(webp)/https://static-id.zacdn.com/p/converse-6519-3250854-1.jpg,": Canvas, Suede",: Textile,: Rubber,: Tali
Converse,AS-1 Pro Ox Sneakers,Rp 1.999.000,Rp 1.599.000,-20%,https://www.zalora.co.id/p/converse-as-1-pro-ox-sneakers-purple-4568248,https://dynamic.zacdn.com/I7fWqTRXKS_jvqwu5dtmZMWN4nc=/0x770/filters:quality(70):format(webp)/https://static-id.zacdn.com/p/converse-0013-8428654-1.jpg,: Leather,: Tekstil,: Rubber,: Tali
Converse,Omega Trainer Ox Sneakers,Rp 1.199.000,,,https://www.zalora.co.id/p/converse-omega-trainer-ox-sneakers-black-4809209,https://dynamic.zacdn.com/7f7rO6exZ_q8PtJnu-qi43UQJqs=/0x770/filters:quality(70):format(webp)/https://static-id.zacdn.com/p/converse-8860-9029084-1.jpg,: Leather/Textile/Synthetic,: Textile,: Rubber,: Tali
Converse,Omega Trainer Ox Sneakers,Rp 1.199.000,,,https://www.zalora.co.id/p/converse-omega-trainer-ox-sneakers-beige-4809217,https://dynamic.zacdn.com/EOpq-ywu7w55rixpCznhnir7RDo=/0x770/filters:quality(70):format(webp)/https://static-id.zacdn.com/p/converse-8864-7129084-1.jpg,: Leather/Textile/Synthetic,: Textile,: Rubber,: Tali
Converse,Weapon Shoes,Rp 1.599.000,Rp 703.560,-56%,https://www.zalora.co.id/p/converse-weapon-shoes-blue-4593808,https://dynamic.zacdn.com/byt4dKZDQNV3v-332Ar4DjhKwzg=/0x770/filters:quality(70):format(webp)/https://static-id.zacdn.com/p/converse-6435-8083954-1.jpg,: Leather,: Textile,: Rubber,: Tali
Converse,Run Star Trainer Ox Sneakers,Rp 1.390.000,,,https://www.zalora.co.id/p/converse-run-star-trainer-ox-sneakers-green-4809233,https://dynamic.zacdn.com/V3eaiAHcb-0d4Eew0H1jX69hf5M=/0x770/filters:quality(70):format(webp)/https://static-id.zacdn.com/p/converse-6610-3329084-1.jpg,: Suede,: Textile,: Rubber,: Tali
Converse,Chuck 70 Ox Sneakers,Rp 1.390.000,,,https://www.zalora.co.id/p/converse-chuck-70-ox-sneakers-grey-4809203,https://dynamic.zacdn.com/aJ8n4uvjbWzKT7kY_JLFM1szhfM=/0x770/filters:quality(70):format(webp)/https://static-id.zacdn.com/p/converse-8831-3029084-1.jpg,: Canvas,: Textile,: Rubber,: Tali
Converse,Chuck 70 Hi Sneakers,Rp 1.599.000,,,https://www.zalora.co.id/p/converse-chuck-70-hi-sneakers-white-4809216,https://dynamic.zacdn.com/PXMBzYSSFwxM8W3b4P5x6LXXj80=/0x770/filters:quality(70):format(webp)/https://static-id.zacdn.com/p/converse-8821-6129084-1.jpg,: Canvas,: Textile,: Rubber,: Tali
Converse,Chuck Taylor All Star,Rp 999.000,Rp 769.230,-23%,https://www.zalora.co.id/p/converse-chuck-taylor-all-star-black-4700449,https://dynamic.zacdn.com/32ntJxtzOaJzEQ4tKDKSi-and8Y=/0x770/filters:quality(70):format(webp)/https://static-id.zacdn.com/p/converse-7574-9440074-1.jpg,: Kanvas,: Tekstil,: Rubber,: Tali
Converse,Chuck 70 Ox Sneakers,Rp 1.390.000,,,https://www.zalora.co.id/p/converse-chuck-70-ox-sneakers-white-4809196,https://dynamic.zacdn.com/NIIiVEiplgZ5b3fC1kpN9-7Wwhk=/0x770/filters:quality(70):format(webp)/https://static-id.zacdn.com/p/converse-8827-6919084-1.jpg,: Canvas,: Textile,: Rubber,: Tali
Converse,Run Star Legacy CX Sneakers,Rp 1.799.000,Rp 503.720,-72%,https://www.zalora.co.id/p/converse-run-star-legacy-cx-sneakers-black-4445604,https://dynamic.zacdn.com/b0R-OBicC-CZs5z1DE3VOlubmjk=/0x770/filters:quality(70):format(webp)/https://static-id.zacdn.com/p/converse-6773-4065444-1.jpg,: Canvas,: Textile,: Rubber,: Tali
Converse,Chuck Taylor All Star Hi Sneakers,Rp 1.199.000,,,https://www.zalora.co.id/p/converse-chuck-taylor-all-star-hi-sneakers-brown-4809247,https://dynamic.zacdn.com/8ya-Lf7p4nmH1dsiEMrwBkK7hPY=/0x770/filters:quality(70):format(webp)/https://static-id.zacdn.com/p/converse-8123-7429084-1.jpg,: Canvas,: Textile,: Rubber,: Tali
Converse,Star Player 76 Ox Sneakers,Rp 1.390.000,,,https://www.zalora.co.id/p/converse-star-player-76-ox-sneakers-brown-4809194,https://dynamic.zacdn.com/tY_QAWJ_jEIh7QBHA36Qnhaz8m4=/0x770/filters:quality(70):format(webp)/https://static-id.zacdn.com/p/converse-6455-4919084-1.jpg,: Canvas,: Textile,: Rubber,: Tali
Converse,Chuck Taylor All Star - Ox,Rp 1.199.000,Rp 815.320,-32%,https://www.zalora.co.id/p/converse-chuck-taylor-all-star-ox-black-3093424,https://dynamic.zacdn.com/DgYtxohVe0EHH4RTv_mzOxn2tpk=/0x770/filters:quality(70):format(webp)/https://static-id.zacdn.com/p/converse-4212-4243903-1.jpg,: Leather,: Textile,: Rubber,: Tali
Converse,Chuck 70 Ox Sneakers,Rp 1.390.000,,,https://www.zalora.co.id/p/converse-chuck-70-ox-sneakers-beige-blue-4809207,https://dynamic.zacdn.com/OoNO0cfUXUxzkEqwxQDaa2HaCyU=/0x770/filters:quality(70):format(webp)/https://static-id.zacdn.com/p/converse-8115-7029084-1.jpg,: Canvas,: Textile,: Rubber,: Tali
Converse,Run Star Trainer Ox Sneakers,Rp 1.390.000,,,https://www.zalora.co.id/p/converse-run-star-trainer-ox-sneakers-blue-4809205,https://dynamic.zacdn.com/14hNa2APMcX7hliBzLj5EseTH6o=/0x770/filters:quality(70):format(webp)/https://static-id.zacdn.com/p/converse-8853-5029084-1.jpg,: Suede,: Textile,: Rubber,: Tali
Converse,Chuck Taylor All Star Lift Sneakers,Rp 1.299.000,Rp 519.600,-60%,https://www.zalora.co.id/p/converse-chuck-taylor-all-star-lift-sneakers-black-4494524,https://dynamic.zacdn.com/Kvg_HHMQgHtN7a-JWkUygQ-Gdm8=/0x770/filters:quality(70):format(webp)/https://static-id.zacdn.com/p/converse-6706-4254944-1.jpg,: Canvas,: Textile,: Rubber,: Tali
Converse,Star Player 76 Mid Shoes,Rp 1.299.000,Rp 467.640,-64%,https://www.zalora.co.id/p/converse-star-player-76-mid-shoes-pink-4486344,https://dynamic.zacdn.com/bXUNK3OEjv0SGuhs7iqgHBHPEYM=/0x770/filters:quality(70):format(webp)/https://static-id.zacdn.com/p/converse-6739-4436844-1.jpg,: Canvas,: Textile,: Rubber,: Tali
Converse,Chuck Taylor All Star Lift Sneakers,Rp 1.199.000,Rp 899.250,-25%,https://www.zalora.co.id/p/converse-chuck-taylor-all-star-lift-sneakers-black-4580568,https://dynamic.zacdn.com/zJsbMQoOoLMBNQBdqnMRtvN2xPs=/0x770/filters:quality(70):format(webp)/https://static-id.zacdn.com/p/converse-7441-8650854-1.jpg,: Canvas,: Textile,: Rubber,: Tali
Converse,Run Star Trainer Ox Sneakers,Rp 1.799.000,,,https://www.zalora.co.id/p/converse-run-star-trainer-ox-sneakers-white-4809198,https://dynamic.zacdn.com/gy2_4SXp2WjnX8TwR-l0XVouUNo=/0x770/filters:quality(70):format(webp)/https://static-id.zacdn.com/p/converse-3219-8919084-1.jpg,: Leather,: Textile,: Rubber,: Tali
Converse,Pro Blaze Classic Ox Sneakers,Rp 1.599.000,,,https://www.zalora.co.id/p/converse-pro-blaze-classic-ox-sneakers-grey-4809234,https://dynamic.zacdn.com/4B-iUrbaf0pdE7MAK7n6hUZqKRY=/0x770/filters:quality(70):format(webp)/https://static-id.zacdn.com/p/converse-8824-4329084-1.jpg,": Leather, Faux Leather and Suede",: Textile,: Rubber,: Tali
Converse,Chuck Taylor All Star Lift Hi Sneakers,Rp 1.599.000,,,https://www.zalora.co.id/p/converse-chuck-taylor-all-star-lift-hi-sneakers-pink-4809241,https://dynamic.zacdn.com/x5pFLKb7OgvQV3JngUq-06wBMzg=/0x770/filters:quality(70):format(webp)/https://static-id.zacdn.com/p/converse-8839-1429084-1.jpg,: Canvas,: Textile,: Rubber,: Tali
Converse,Run Star Hike Sneakers,Rp 1.599.000,Rp 447.720,-72%,https://www.zalora.co.id/p/converse-run-star-hike-sneakers-black-4454031,https://dynamic.zacdn.com/YygLWkidTd_yR457lA5AWZk7SDc=/0x770/filters:quality(70):format(webp)/https://static-id.zacdn.com/p/converse-6407-1304544-1.jpg,: Canvas,: Textile,: Rubber,: Tali
Converse,Run Star Hike Sneakers,Rp 1.599.000,Rp 703.560,-56%,https://www.zalora.co.id/p/converse-run-star-hike-sneakers-yellow-4494865,https://dynamic.zacdn.com/ACJqTGrRgYF-y--iw1HXL527IvI=/0x770/filters:quality(70):format(webp)/https://static-id.zacdn.com/p/converse-6217-5684944-1.jpg,: Canvas,: Textile,: Rubber,: Tali
Converse,Chuck Taylor Lugged Heel MJ Ox Sneakers,Rp 1.799.000,,,https://www.zalora.co.id/p/converse-chuck-taylor-lugged-heel-mj-ox-sneakers-black-4809206,https://dynamic.zacdn.com/PsVZ3iEilzs8Pct1qbac3ia_hC8=/0x770/filters:quality(70):format(webp)/https://static-id.zacdn.com/p/converse-8143-6029084-1.jpg,: Leather,: Textile,: Rubber,: Buckle / Bow
Converse,Star Player 76 Ox Sneakers,Rp 1.599.000,,,https://www.zalora.co.id/p/converse-star-player-76-ox-sneakers-blue-4809213,https://dynamic.zacdn.com/eG7vSgebVx2Nr3I7-l2DEfYNIN4=/0x770/filters:quality(70):format(webp)/https://static-id.zacdn.com/p/converse-8837-3129084-1.jpg,: Suede,: Textile,: Rubber,: Tali
Converse,Run Star Trainer Ox Sneakers,Rp 1.390.000,,,https://www.zalora.co.id/p/converse-run-star-trainer-ox-sneakers-blue-4809219,https://dynamic.zacdn.com/W8tl5_YTtgFxxdaTLrJQOSZ0vTg=/0x770/filters:quality(70):format(webp)/https://static-id.zacdn.com/p/converse-8823-9129084-1.jpg,: Suede,: Textile,: Rubber,: Tali
Converse,Chuck 70 Ox Sneakers,Rp 1.390.000,,,https://www.zalora.co.id/p/converse-chuck-70-ox-sneakers-pink-4809227,https://dynamic.zacdn.com/ZFJ4KWl6t1Hvf1mTF-JWkeUV0Y4=/0x770/filters:quality(70):format(webp)/https://static-id.zacdn.com/p/converse-8845-7229084-1.jpg,: Canvas,: Textile,: Rubber,: Tali
Converse,Weapon Ox Sneakers,Rp 1.999.000,,,https://www.zalora.co.id/p/converse-weapon-ox-sneakers-white-4568246,https://dynamic.zacdn.com/n4vstNzHsaBoBCwM4U9UgQWCP5c=/0x770/filters:quality(70):format(webp)/https://static-id.zacdn.com/p/converse-0016-6428654-1.jpg,: Leather,: Tekstil,: Rubber,: Tali
Converse,Omega Trainer Ox Sneakers,Rp 1.199.000,,,https://www.zalora.co.id/p/converse-omega-trainer-ox-sneakers-grey-4809195,https://dynamic.zacdn.com/MT6Pq2dQt444KNNlCUugBKaNHlI=/0x770/filters:quality(70):format(webp)/https://static-id.zacdn.com/p/converse-8856-5919084-1.jpg,: Suede with Mesh Overlays,: Textile,: Rubber,: Tali
Converse,Chuck Taylor All Star Move Sneakers,Rp 1.299.000,Rp 1.104.150,-15%,https://www.zalora.co.id/p/converse-chuck-taylor-all-star-move-sneakers-red-4365927,https://dynamic.zacdn.com/6zDMHpjAnfopVsMQw-zgLQwiBpQ=/0x770/filters:quality(70):format(webp)/https://static-id.zacdn.com/p/converse-3171-7295634-1.jpg,: Canvas,: Textile,: Rubber,: Tali
Converse,Chuck 70 At-Cx Sneakers,Rp 1.799.000,Rp 719.600,-60%,https://www.zalora.co.id/p/converse-chuck-70-at-cx-sneakers-grey-4484017,https://dynamic.zacdn.com/fENhhwiMCDXAHXrZ9xL2gCUarhw=/0x770/filters:quality(70):format(webp)/https://static-id.zacdn.com/p/converse-5901-7104844-1.jpg,: Canvas,: Textile,: Rubber,: Tali
Converse,Chuck 70 Hi Sneakers,Rp 1.690.000,Rp 1.204.125,-29%,https://www.zalora.co.id/p/converse-chuck-70-hi-sneakers-white-4372300,https://dynamic.zacdn.com/U2I8JS7mJhgML8UEJ9XgsSidCyk=/0x770/filters:quality(70):format(webp)/https://static-id.zacdn.com/p/converse-0440-0032734-1.jpg,: Canvas,: Textile,: Rubber,: Tali
Converse,Run Star Legacy Cx Sneakers,Rp 1.799.000,Rp 575.680,-68%,https://www.zalora.co.id/p/converse-run-star-legacy-cx-sneakers-brown-4483760,https://dynamic.zacdn.com/V2n2Ex5vhJ4BsRAuEQlMplU868A=/0x770/filters:quality(70):format(webp)/https://static-id.zacdn.com/p/converse-6912-0673844-1.jpg,: Canvas,: Textile,: Rubber,: Tali
Converse,Chuck Taylor All Star Ox Sneakers,Rp 1.199.000,,,https://www.zalora.co.id/p/converse-chuck-taylor-all-star-ox-sneakers-black-4809246,https://dynamic.zacdn.com/npdaztT1Nqrg7ma-Q0BpQVEYmjc=/0x770/filters:quality(70):format(webp)/https://static-id.zacdn.com/p/converse-6445-6429084-1.jpg,-,-,-,-
Converse,Run Star Trainer Ox Sneakers,Rp 1.599.000,,,https://www.zalora.co.id/p/converse-run-star-trainer-ox-sneakers-white-4568245,https://dynamic.zacdn.com/UFwv5K1gtyrOJcv3ueUz6Gu-FAo=/0x770/filters:quality(70):format(webp)/https://static-id.zacdn.com/p/converse-0023-5428654-1.jpg,": Nylon, Leather",: Textile,: Rubber,: Slip On
Converse,Chuck 70 Dual Tone Hi Sneakers,Rp 1.599.000,Rp 1.023.360,-36%,https://www.zalora.co.id/p/converse-chuck-70-dual-tone-hi-sneakers-purple-4568241,https://dynamic.zacdn.com/XRwKJVJrU_DiVbZir5wCaww8hMI=/0x770/filters:quality(70):format(webp)/https://static-id.zacdn.com/p/converse-7617-1428654-1.jpg,: Tekstil,: Tekstil,: Rubber,: Tali
Converse,Chuck Taylor All Star Modern Lift Sneakers,Rp 1.499.000,Rp 599.600,-60%,https://www.zalora.co.id/p/converse-chuck-taylor-all-star-modern-lift-sneakers-green-4494172,https://dynamic.zacdn.com/_OaLPZ_ZmD7A-I_Hh6vPvn8dZos=/0x770/filters:quality(70):format(webp)/https://static-id.zacdn.com/p/converse-6216-2714944-1.jpg,: Canvas,: Textile,: Rubber,: Tali
Converse,Converse Sport Casual Ox Sneakers,Rp 1.199.000,Rp 923.230,-23%,https://www.zalora.co.id/p/converse-converse-sport-casual-ox-sneakers-black-4809228,https://dynamic.zacdn.com/v2DMHTQWVaewo4RCGJNkb9c7jOc=/0x770/filters:quality(70):format(webp)/https://static-id.zacdn.com/p/converse-8110-8229084-1.jpg,: Synthetic,: Textile,: Rubber,: Tali
Converse,Converse Sport Casual Ox Sneakers,Rp 1.199.000,,,https://www.zalora.co.id/p/converse-converse-sport-casual-ox-sneakers-white-4809242,https://dynamic.zacdn.com/o97yDb9ENZsAe5GwjjpEDSU5_0U=/0x770/filters:quality(70):format(webp)/https://static-id.zacdn.com/p/converse-8026-2429084-1.jpg,: Synthetic,: Textile,: Rubber,: Tali
Converse,Run Star Trainer Ox Sneakers,Rp 1.390.000,,,https://www.zalora.co.id/p/converse-run-star-trainer-ox-sneakers-beige-4809197,https://dynamic.zacdn.com/asI33hWcOsvXUchFyQqy0IdNEoM=/0x770/filters:quality(70):format(webp)/https://static-id.zacdn.com/p/converse-6606-7919084-1.jpg,: Suede,: Textile,: Rubber,: Tali
Converse,Chuck Taylor Lift Double Stack Hi Sneakers,Rp 1.599.000,,,https://www.zalora.co.id/p/converse-chuck-taylor-lift-double-stack-hi-sneakers-white-4809214,https://dynamic.zacdn.com/HwIoB2_s44y3N5bkYNjA1EC5_60=/0x770/filters:quality(70):format(webp)/https://static-id.zacdn.com/p/converse-6608-4129084-1.jpg,: Canvas,: Textile,: Rubber,: Tali
Converse,Chuck Taylor All Star Ox Sneakers,Rp 1.199.000,,,https://www.zalora.co.id/p/converse-chuck-taylor-all-star-ox-sneakers-grey-4809222,https://dynamic.zacdn.com/60ar5Lt-AtbBpPEmgC3Df8TkVN4=/0x770/filters:quality(70):format(webp)/https://static-id.zacdn.com/p/converse-8865-2229084-1.jpg,: Cotton Canvas,: Textile,: Rubber,: Tali
Converse,Chuck Taylor All Star Lift Sneakers,Rp 1.199.000,Rp 527.560,-56%,https://www.zalora.co.id/p/converse-chuck-taylor-all-star-lift-sneakers-white-4494318,https://dynamic.zacdn.com/Sfij9bSBAjRTdSHYWWKlIfI9_FQ=/0x770/filters:quality(70):format(webp)/https://static-id.zacdn.com/p/converse-6400-8134944-1.jpg,: Canvas,: Textile,: Rubber,: Tali
Converse,Chuck Taylor All Star Modern Lift Sneakers,Rp 1.499.000,Rp 419.720,-72%,https://www.zalora.co.id/p/converse-chuck-taylor-all-star-modern-lift-sneakers-brown-4454303,https://dynamic.zacdn.com/U0LtfhviUwUt3dcunKPc-RMunms=/0x770/filters:quality(70):format(webp)/https://static-id.zacdn.com/p/converse-6687-3034544-1.jpg,: Textile,: Textile,: Rubber,: Tali
Converse,Chuck Taylor Lift Double Stack Ox Sneakers,Rp 1.390.000,,,https://www.zalora.co.id/p/converse-chuck-taylor-lift-double-stack-ox-sneakers-black-4809231,https://dynamic.zacdn.com/h5QYgcpJA9yVZB0ISvs_KFr0t3U=/0x770/filters:quality(70):format(webp)/https://static-id.zacdn.com/p/converse-6609-1329084-1.jpg,: Textile,: Textile,: Rubber,: Tali
Converse,Weapon Ox Sneakers,Rp 1.999.000,,,https://www.zalora.co.id/p/converse-weapon-ox-sneakers-white-4568234,https://dynamic.zacdn.com/iRSpBqNNjIgKLaMWh8m5dHSmUc0=/0x770/filters:quality(70):format(webp)/https://static-id.zacdn.com/p/converse-0008-4328654-1.jpg,: Leather,: Tekstil,: Rubber,: Tali
Converse,Chuck Taylor All Star Lift Ox Sneakers,Rp 1.390.000,,,https://www.zalora.co.id/p/converse-chuck-taylor-all-star-lift-ox-sneakers-red-4809204,https://dynamic.zacdn.com/K2l8l56ISxXJquLdyiTBhPmRQaY=/0x770/filters:quality(70):format(webp)/https://static-id.zacdn.com/p/converse-8851-4029084-1.jpg,: Canvas,: Textile,: Rubber,: Tali
Converse,Chuck Taylor All Star Modern Lift Sneakers,Rp 1.499.000,Rp 659.560,-56%,https://www.zalora.co.id/p/converse-chuck-taylor-all-star-modern-lift-sneakers-purple-4494320,https://dynamic.zacdn.com/B2ki9CmCB6i2PBFiafJRcFHDYgo=/0x770/filters:quality(70):format(webp)/https://static-id.zacdn.com/p/converse-4774-0234944-1.jpg,: Canvas,: Textile,: Rubber,: Tali
Converse,Chuck Taylor Lift Double Stack Ox Sneakers,Rp 1.390.000,,,https://www.zalora.co.id/p/converse-chuck-taylor-lift-double-stack-ox-sneakers-white-4809229,https://dynamic.zacdn.com/9pfHBQ9n7agWROUNqb73bBxf8vk=/0x770/filters:quality(70):format(webp)/https://static-id.zacdn.com/p/converse-6608-9229084-1.jpg,: Canvas,: Textile,: Rubber,: Tali
Converse,AS-1 Pro Leather Ox Sneakers,Rp 1.999.000,,,https://www.zalora.co.id/p/converse-as-1-pro-leather-ox-sneakers-white-4568242,https://dynamic.zacdn.com/gNSfMPyHSbvE9Pg1MdlNx4XTI9k=/0x770/filters:quality(70):format(webp)/https://static-id.zacdn.com/p/converse-0021-2428654-1.jpg,: Leather,: Tekstil,: Rubber,-
Converse,Chuck Taylor Lift Double Stack Hi Sneakers,Rp 1.599.000,,,https://www.zalora.co.id/p/converse-chuck-taylor-lift-double-stack-hi-sneakers-black-4809191,https://dynamic.zacdn.com/smDfKIPMb-10yY2LUE8QNEJSWPc=/0x770/filters:quality(70):format(webp)/https://static-id.zacdn.com/p/converse-6606-1919084-1.jpg,: Canvas,: Textile,: Rubber,: Tali
Converse,Chuck Taylor All Star,Rp 999.000,Rp 749.250,-25%,https://www.zalora.co.id/p/converse-chuck-taylor-all-star-grey-4822196,https://dynamic.zacdn.com/_eX93Id42swXQ38PWTLZoKGzI9Y=/0x770/filters:quality(70):format(webp)/https://static-id.zacdn.com/p/converse-6205-6912284-1.jpg,: Kanvas,: Tekstil,: Rubber,: Tali
Converse,Chuck 70 Sneakers,Rp 1.499.000,,,https://www.zalora.co.id/p/converse-chuck-70-sneakers-white-4590214,https://dynamic.zacdn.com/1sBAbNJ_z2KbwtomkTQnXhHs6oY=/0x770/filters:quality(70):format(webp)/https://static-id.zacdn.com/p/converse-1733-4120954-1.jpg,: Canvas,: Textile,: Rubber,: Tali
Converse,Chuck 70 Hi Sneakers,Rp 1.599.000,,,https://www.zalora.co.id/p/converse-chuck-70-hi-sneakers-blue-4809243,https://dynamic.zacdn.com/LH9yHVE9lJ6WGkdf3ChY5RY7-TQ=/0x770/filters:quality(70):format(webp)/https://static-id.zacdn.com/p/converse-8820-3429084-1.jpg,: Canvas,: Textile,: Rubber,: Tali
Converse,Chuck Taylor All Star 1V,Rp 659.000,Rp 494.250,-25%,https://www.zalora.co.id/p/converse-chuck-taylor-all-star-1v-black-4700441,https://dynamic.zacdn.com/kiRo6IciA3WBLJK3E5SwYUJLEQw=/0x770/filters:quality(70):format(webp)/https://static-id.zacdn.com/p/converse-2649-1440074-1.jpg,: Kanvas,: Tekstil,: Rubber,-
Converse,Chuck Taylor All Star 1V,Rp 659.000,Rp 456.687,-31%,https://www.zalora.co.id/p/converse-chuck-taylor-all-star-1v-purple-4700442,https://dynamic.zacdn.com/88fmZYu9mk0dNCb9RoOudGNyGDA=/0x770/filters:quality(70):format(webp)/https://static-id.zacdn.com/p/converse-2346-2440074-1.jpg,: Kanvas,: Tekstil,: Rubber,-
Converse,Chuck Taylor Dainty,Rp 899.000,Rp 575.360,-36%,https://www.zalora.co.id/p/converse-chuck-taylor-dainty-white-3200950,https://dynamic.zacdn.com/5puLoT_FfJHvfe6akVsZZ2NTyB8=/0x770/filters:quality(70):format(webp)/https://static-id.zacdn.com/p/converse-4370-0590023-1.jpg,: Canvas,: Textile,: Rubber,: Tali
Converse,Chuck Taylor Dainty,Rp 899.000,Rp 575.360,-36%,https://www.zalora.co.id/p/converse-chuck-taylor-dainty-black-3200951,https://dynamic.zacdn.com/LcJV07CnGbc3SP3UnT6ynty5ztI=/0x770/filters:quality(70):format(webp)/https://static-id.zacdn.com/p/converse-2442-1590023-1.jpg,: Canvas,: Textile,: Rubber,: Tali
Converse,Chuck Taylor 70's - Hi,Rp 1.299.000,Rp 772.905,-41%,https://www.zalora.co.id/p/converse-chuck-taylor-70-s-hi-black-1609387,https://dynamic.zacdn.com/0gprAdM6B3lb1V3nDQ8a1KuFhi0=/0x770/filters:quality(70):format(webp)/https://static-id.zacdn.com/p/converse-3528-7839061-1.jpg,: Canvas,: Textile,: Rubber,: Tali
Converse,Chuck Taylor 70's - Ox,Rp 1.199.000,Rp 863.280,-28%,https://www.zalora.co.id/p/converse-chuck-taylor-70-s-ox-white-1609386,https://dynamic.zacdn.com/6L4-OrLJFQopyBQYFOOe48oX7XA=/0x770/filters:quality(70):format(webp)/https://static-id.zacdn.com/p/converse-4036-6839061-1.jpg,: Canvas,: Textile,: Rubber,: Tali
Converse,Chuck Taylor All Star Canvas - Ox,Rp 859.000,Rp 584.120,-32%,https://www.zalora.co.id/p/converse-chuck-taylor-all-star-canvas-ox-black-2346612,https://dynamic.zacdn.com/oa-smPhLnMZPt1Tjx_jSwGBIFR0=/0x770/filters:quality(70):format(webp)/https://static-id.zacdn.com/p/converse-3945-2166432-1.jpg,: Canvas,: Synthetic,: Rubber,-
Converse,Chuck Taylor All Star Canvas - Ox,Rp 859.000,Rp 549.760,-36%,https://www.zalora.co.id/p/converse-chuck-taylor-all-star-canvas-ox-white-2040549,https://dynamic.zacdn.com/YpNe7j2jsY0wl48tvTGFicTDOTM=/0x770/filters:quality(70):format(webp)/https://static-id.zacdn.com/p/converse-9987-9450402-1.jpg,: Canvas,: Textile,: Rubber,: Tali
Converse,Chuck Taylor All Star Canvas - Hi,Rp 899.000,Rp 611.320,-32%,https://www.zalora.co.id/p/converse-chuck-taylor-all-star-canvas-hi-black-2346613,https://dynamic.zacdn.com/NWc-oiH5Xrd1ZaJxo0rPc-vhn1A=/0x770/filters:quality(70):format(webp)/https://static-id.zacdn.com/p/converse-3600-3166432-1.jpg,: Canvas,: Synthetic,: Rubber,: Tali
Converse,Chuck Taylor All Star Canvas - Hi,Rp 899.000,Rp 575.360,-36%,https://www.zalora.co.id/p/converse-chuck-taylor-all-star-canvas-hi-white-2040550,https://dynamic.zacdn.com/r3ndzKgY25dUrWDyhrj838livg8=/0x770/filters:quality(70):format(webp)/https://static-id.zacdn.com/p/converse-9988-0550402-1.jpg,: Canvas,: Textile,: Rubber,: Tali
Converse,Chuck Taylor All Star Canvas - Hi,Rp 899.000,Rp 575.360,-36%,https://www.zalora.co.id/p/converse-chuck-taylor-all-star-canvas-hi-black-2352675,https://dynamic.zacdn.com/qdyFvDX7wOkPRA0Gu7rszWgIO3s=/0x770/filters:quality(70):format(webp)/https://static-id.zacdn.com/p/converse-0776-5762532-1.jpg,: Canvas,: Textile,: Rubber,: Tali
Converse,Chuck Taylor 70's - Hi,Rp 1.299.000,Rp 883.320,-32%,https://www.zalora.co.id/p/converse-chuck-taylor-70-s-hi-white-2976467,https://dynamic.zacdn.com/w3ZPqYKbSnpg9i_I1VC5Rz4f83E=/0x770/filters:quality(70):format(webp)/https://static-id.zacdn.com/p/converse-4834-7646792-1.jpg,: Canvas,: Textile,: Rubber,: Tali
Converse,Chuck Taylor All Star Move,Rp 1.199.000,Rp 815.320,-32%,https://www.zalora.co.id/p/converse-chuck-taylor-all-star-move-white-3094400,https://dynamic.zacdn.com/kAniRrn2K0R_L_aPAhWPJpxmQDk=/0x770/filters:quality(70):format(webp)/https://static-id.zacdn.com/p/converse-4295-0044903-1.jpg,: Canvas,: Textile,: Rubber,: Tali
Converse,Chuck Taylor All Star Loafers,Rp 1.199.000,Rp 1.019.150,-15%,https://www.zalora.co.id/p/converse-chuck-taylor-all-star-loafers-black-4919739,https://dynamic.zacdn.com/fFyESWaCWb6u1miRKK_f3eMKQ4s=/0x770/filters:quality(70):format(webp)/https://static-id.zacdn.com/p/converse-7660-9379194-1.jpg,: Suede,: Textile,: Rubber,: Slip On
Converse,Chuck Taylor All Star Move,Rp 1.199.000,Rp 815.320,-32%,https://www.zalora.co.id/p/converse-chuck-taylor-all-star-move-black-3094399,https://dynamic.zacdn.com/3oaGJ8lNOcsSybULfKwvJcAz0lE=/0x770/filters:quality(70):format(webp)/https://static-id.zacdn.com/p/converse-6026-9934903-1.jpg,: Canvas,: Textile,: Rubber,: Tali
Converse,Chuck Taylor All Star,Rp 1.099.000,Rp 934.150,-15%,https://www.zalora.co.id/p/converse-chuck-taylor-all-star-black-4822184,https://dynamic.zacdn.com/shcIK5OHgkQ5v984HDD_0AMupLU=/0x770/filters:quality(70):format(webp)/https://static-id.zacdn.com/p/converse-2834-4812284-1.jpg,: Kanvas,: Tekstil,: Rubber,: Tali
Converse,Chuck Taylor All Star - Hi,Rp 1.299.000,Rp 831.360,-36%,https://www.zalora.co.id/p/converse-chuck-taylor-all-star-hi-black-3093422,https://dynamic.zacdn.com/rKb_TrTArNOHeDrfx0KT1MNfGQU=/0x770/filters:quality(70):format(webp)/https://static-id.zacdn.com/p/converse-6201-2243903-1.jpg,: Leather,: Textile,: Rubber,: Tali
Converse,Chuck Taylor All Star 1V Sneakers,Rp 599.000,Rp 479.200,-20%,https://www.zalora.co.id/p/converse-chuck-taylor-all-star-1v-sneakers-white-4941012,https://dynamic.zacdn.com/Vn5YR911_c98_-lWH2kBYxe5UCI=/0x770/filters:quality(70):format(webp)/https://static-id.zacdn.com/p/converse-2108-2101494-1.jpg,: Textile,: Textile,: Rubber,-
